	samples	labels	predictions	aaaa	bbb	bbbbb	ccc	ddd	dddd	gg	ggg	hhh	hhhh	iii	iiii	j	jj	jjj	kk	kkk	mmm	nnnn	ooo	q	qq	rr	s	tt	uuuu	v	wwww	x	xxxx	experiment
0	L00436	hhh	ooo	0.0	0.0	0.101	0.0	0.002	0.001	0.001	0.067	0.02	0.048	0.0	0.013	0.0	0.043	0.003	0.0	0.0005	0.1485	0.0018666666666666666	0.314	0.0	0.041	0.0	0.011	0.163	0.016	0.0	0.0003333333333333333	0.0008	0.004	Source_3
1	L00658	bbbbb	bbbbb	0.0	0.0065	0.637	0.0	0.1455	0.001	0.018	0.124	0.0	0.0	0.001	0.004	0.0	0.005	0.0	0.035	0.0	0.0	0.0	0.0	0.0	0.001	0.002	0.004	0.016	0.0	0.0	0.0	0.0	0.0	Source_3
2	L00666	mmm	iii	0.0	0.0	0.09966666666666665	0.0	0.0	0.0	0.0	0.0	0.01	0.0	0.621	0.0	0.0	0.042	0.0	0.0	0.011	0.2	0.0	0.0	0.0	0.0	0.0003333333333333333	0.016	0.0	0.0	0.0	0.0	0.0	0.0	Source_3
3	L00711	hhh	mmm	0.0	0.0	0.108	0.0	0.0	0.002	0.001	0.113	0.038	0.104	0.0	0.03	0.0	0.022	0.0	0.0	0.0	0.274	0.0	0.081	0.0	0.056	0.0	0.015	0.127	0.022	0.0	0.001	0.0	0.006	Source_3
4	L00826	kkk	kkk	0.0	0.0	0.0	0.13816099603011386	0.0	0.0	0.0	0.0	0.0	0.0	0.2903329707057651	0.0	0.0	0.0	0.0	0.0	0.43415331172095867	0.13735272154316294	0.0	0.0	0.0	0.0	0.0	0.0	0.0	0.0	0.0	0.0	0.0	0.0	Source_3
5	L00846	s	s	0.0	0.001	0.0	0.0	0.002	0.0	0.008	0.0	0.0	0.0	0.0	0.038	0.0	0.0	0.0	0.001	0.0	0.0	0.0	0.0	0.0	0.0	0.0	0.95	0.0	0.0	0.0	0.0	0.0	0.0	Source_3
6	L00909	ooo	tt	0.0	0.04216666666666667	0.0285	0.0	0.09683333333333334	0.0	0.003	0.039299999999999995	0.003	0.0	0.003	0.001	0.0	0.002	0.0	0.0025	0.0	0.0	0.0	0.0	0.0	0.0007	0.003	0.0	0.773	0.002	0.0	0.0	0.0	0.0	Source_3
7	L00922	jj	jj	0.0	0.0	0.0	0.0	0.0	0.0	0.0	0.0	0.0	0.0	0.0	0.0	0.0	1.0	0.0	0.0	0.0	0.0	0.0	0.0	0.0	0.0	0.0	0.0	0.0	0.0	0.0	0.0	0.0	0.0	Source_3
8	L00946	ggg	bbbbb	0.0	0.0	0.40093333333333325	0.0	0.0	0.0	0.0	0.001	0.008	0.0	0.027	0.0	0.0	0.044	0.0	0.0	0.019	0.2	0.0	0.0	0.0	0.0	0.2900666666666666	0.01	0.0	0.0	0.0	0.0	0.0	0.0	Source_3
9	L01041	kk	ddd	0.0	0.03133333333333333	0.19533333333333333	0.0	0.35966666666666663	0.0	0.02	0.262	0.0	0.0	0.005	0.006	0.0	0.003	0.0	0.06466666666666666	0.0	0.0	0.0005	0.0	0.0	0.0	0.001	0.009	0.042	0.0	0.0	0.0	0.0005	0.0	Source_3
10	L01166	tt	kk	0.0	0.003	0.33384999999999965	0.0	0.002	0.001	0.0	0.007714285714285714	0.0	0.0	0.0005	0.001	0.0	0.002	0.0	0.6451500000000002	0.0	0.0025	0.0	0.0	0.0	0.0002857142857142857	0.001	0.0	0.0	0.0	0.0	0.0	0.0	0.0	Source_3
11	L01582	hhh	hhh	0.0	0.0	0.0	0.0	0.0	0.0	0.0	0.001	0.999	0.0	0.0	0.0	0.0	0.0	0.0	0.0	0.0	0.0	0.0	0.0	0.0	0.0	0.0	0.0	0.0	0.0	0.0	0.0	0.0	0.0	Source_3
12	L00673	ccc	jj	0.0	0.0	0.0	0.17755923923427827	0.0026666666666666666	0.0	0.0	0.0013333333333333333	0.001	0.001	0.0	0.0	0.0	0.8134407607657221	0.0	0.0	0.0	0.001	0.001	0.0	0.0	0.0	0.0	0.0	0.0	0.001	0.0	0.0	0.0	0.0	Source_3
13	L00847	uuuu	uuuu	0.0	0.0	0.0	0.0	0.0	0.08	0.0	0.002	0.0	0.123	0.0	0.0	0.0	0.002	0.0	0.0	0.0	0.006	0.0	0.001	0.0	0.002	0.0	0.0	0.003	0.78	0.0	0.001	0.0	0.0	Source_3
14	L00856	mmm	mmm	0.0	0.0	0.002	0.0	0.009	0.0	0.0	0.004	0.0	0.0	0.012	0.0	0.0	0.0	0.019	0.001	0.0	0.889	0.0	0.0	0.0	0.0	0.0	0.0	0.004	0.06	0.0	0.0	0.0	0.0	Source_3
15	L01031	nnnn	nnnn	0.0	0.0	0.0	0.0	0.0	0.0	0.0	0.0	0.0	0.0	0.0	0.0	0.0	0.0	0.0	0.0	0.0	0.001	0.8577048076923082	0.0	0.0	0.0	0.0	0.0	0.0	0.0	0.0	0.14129519230769258	0.0	0.0	Source_3
16	L01092	iiii	s	0.0	0.0	0.11433333333333333	0.0	0.0	0.0	0.0	0.0	0.009	0.001	0.02	0.0	0.0	0.054	0.0	0.0	0.03	0.235	0.0	0.0	0.0	0.0	0.0016666666666666666	0.535	0.0	0.0	0.0	0.0	0.0	0.0	Source_3
17	L00373	iii	iii	0.0	0.0	0.0	0.0	0.0	0.0	0.0	0.0	0.0	0.006	0.794	0.0	0.0	0.002	0.002	0.0	0.0	0.186	0.0	0.0	0.0	0.0	0.0	0.0	0.0	0.007	0.0	0.003	0.0	0.0	Source_3
18	L00715	ddd	ddd	0.008	0.002	0.0	0.0	0.977	0.0	0.0	0.001	0.0	0.0	0.007	0.0	0.0	0.0	0.003	0.0	0.0	0.002	0.0	0.0	0.0	0.0	0.0	0.0	0.0	0.0	0.0	0.0	0.0	0.0	Source_3
19	L00775	jj	jj	0.0	0.0	0.0	0.1805565804895142	0.0	0.0	0.0	0.0	0.0	0.0	0.0	0.0	0.0	0.8194434195104864	0.0	0.0	0.0	0.0	0.0	0.0	0.0	0.0	0.0	0.0	0.0	0.0	0.0	0.0	0.0	0.0	Source_3
20	L00877	jj	jj	0.0	0.0	0.0	0.0	0.0	0.0	0.003	0.0	0.001	0.002	0.0	0.001	0.0	0.991	0.0	0.001	0.0	0.0	0.0	0.0	0.0	0.0	0.001	0.0	0.0	0.0	0.0	0.0	0.0	0.0	Source_3
21	L00927	dddd	dddd	0.0	0.0	0.0	0.0	0.0	1.0	0.0	0.0	0.0	0.0	0.0	0.0	0.0	0.0	0.0	0.0	0.0	0.0	0.0	0.0	0.0	0.0	0.0	0.0	0.0	0.0	0.0	0.0	0.0	0.0	Source_3
22	L01358	jj	jj	0.0	0.0	0.00016666666666666666	0.0013833333333333332	0.106	0.007	0.0	0.0	0.027	0.001	0.0008333333333333333	0.002	0.0	0.7256166666666667	0.0	0.0038333333333333336	0.0008	0.009366666666666666	0.002	0.0	0.0	0.002	0.062	0.0	0.0	0.046	0.0	0.0	0.001	0.002	Source_3
23	L01798	mmm	mmm	0.001	0.0	0.001	0.0	0.002	0.0	0.0	0.003	0.0	0.0	0.018	0.0	0.0	0.0	0.032	0.001	0.0	0.811	0.0	0.0	0.0	0.0	0.0	0.0	0.004	0.127	0.0	0.0	0.0	0.0	Source_3
24	L01832	s	s	0.0	0.001	0.002	0.0	0.001	0.0	0.02	0.0	0.0	0.0	0.0	0.038	0.0	0.0	0.0	0.001	0.0	0.0	0.0	0.0	0.0	0.0	0.0	0.937	0.0	0.0	0.0	0.0	0.0	0.0	Source_3
25	L00340	dddd	dddd	0.0	0.0	0.0	0.0	0.0	1.0	0.0	0.0	0.0	0.0	0.0	0.0	0.0	0.0	0.0	0.0	0.0	0.0	0.0	0.0	0.0	0.0	0.0	0.0	0.0	0.0	0.0	0.0	0.0	0.0	Source_3
26	L01395	mmm	iii	0.0	0.0	0.0	0.0	0.0	0.001	0.0	0.001	0.08790031357187736	0.0	0.6237287426513979	0.0	0.0	0.0	0.0	0.0	0.0	0.28637094377672584	0.0	0.0	0.0	0.0	0.0	0.0	0.0	0.0	0.0	0.0	0.0	0.0	Source_3
27	L01718	jj	jj	0.0	0.0	0.0	0.002	0.0	0.0	0.0	0.0	0.0	0.014	0.0	0.0	0.004	0.965	0.0	0.0	0.0	0.005	0.0	0.0	0.01	0.0	0.0	0.0	0.0	0.0	0.0	0.0	0.0	0.0	Source_3
28	L01153	ggg	ggg	0.0	0.0	0.0	0.0	0.1784011821511821	0.0	0.0	0.8145988178488168	0.005	0.0	0.0	0.001	0.0	0.001	0.0	0.0	0.0	0.0	0.0	0.0	0.0	0.0	0.0	0.0	0.0	0.0	0.0	0.0	0.0	0.0	Source_3
29	L01624	ddd	hhhh	0.0	0.0	0.053	0.0	0.001	0.0	0.0	0.019	0.009	0.531	0.001	0.007	0.001	0.011	0.0	0.0	0.0	0.065	0.001	0.051	0.001	0.057	0.0	0.003	0.18	0.007	0.0	0.0	0.0	0.002	Source_3
30	L00926	jj	jj	0.0	0.0	0.0	0.015	0.0	0.001	0.0	0.002	0.002	0.001	0.003	0.004	0.001	0.949	0.0	0.002	0.0002	0.0068	0.001	0.001	0.0	0.0	0.001	0.001	0.003	0.003	0.001	0.0	0.0	0.002	Source_3
31	L01051	jj	jj	0.0	0.0	0.004	0.0	0.014	0.001	0.0	0.00275	0.009	0.0	0.004	0.119	0.0	0.666	0.0023333333333333335	0.089	0.0016666666666666666	0.001	0.042	0.0	0.006	0.00025	0.038	0.0	0.0	0.0	0.0	0.0	0.0	0.0	Source_3
32	L01219	ddd	iiii	0.001	0.0	0.017	0.0	0.016	0.009	0.0	0.022738095238095238	0.008	0.0	0.004	0.398	0.0	0.332	0.0023333333333333335	0.064	0.0016666666666666666	0.001	0.049	0.0	0.009	0.0012619047619047618	0.064	0.0	0.0	0.0	0.0	0.0	0.0	0.0	Source_3
33	L01473	hhhh	q	0.0	0.0	0.006	0.0	0.06325	0.011	0.001	0.00975	0.02	0.0	0.0	0.021	0.0	0.039	0.005083333333333333	0.022	0.008416666666666666	0.0085	0.14	0.0	0.636	0.001	0.008	0.0	0.0	0.0	0.0	0.0	0.0	0.0	Source_3
34	L00329	dddd	dddd	0.0	0.0	0.0	0.0	0.03	0.708	0.0	0.002	0.0	0.0	0.0	0.152	0.0	0.0	0.0	0.001	0.0088	0.0142	0.005	0.0	0.0	0.0	0.0	0.079	0.0	0.0	0.0	0.0	0.0	0.0	Source_3
35	L01235	jjj	ggg	0.001	0.024	0.051	0.08	0.23025	0.038	0.074	0.3319666666666667	0.095	0.0	0.004	0.004	0.0	0.001	0.0043	0.031	0.0047	0.001	0.003	0.0	0.001	0.003783333333333334	0.017	0.0	0.0	0.0	0.0	0.0	0.0	0.0	Source_3
36	L01272	iii	nnnn	0.0	0.001	0.001	0.004	0.0665	0.01	0.0	0.0095	0.004	0.0	0.002	0.016	0.0	0.005	0.0	0.003	0.0072499999999999995	0.014749999999999997	0.8259090909090909	0.0	0.0	0.0	0.001	0.022	0.0	0.001	0.003	9.090909090909092e-05	0.001	0.002	Source_3
37	L00431	rr	ggg	0.005	0.002	0.076	0.002	0.005	0.028	0.002	0.725595238095238	0.036	0.0025	0.001	0.002	0.0	0.006	0.0013333333333333333	0.017	0.0026666666666666666	0.0	0.007	0.0	0.0035	0.028404761904761905	0.043	0.0	0.004	0.0	0.0	0.0	0.0	0.0	Source_3
38	L00680	nnnn	nnnn	0.0	0.0	0.001	0.003	0.012	0.012	0.001	0.009	0.006	0.0	0.002	0.022	0.0	0.017666666666666664	0.0	0.002	0.00275	0.008583333333333332	0.8849090909090909	0.0	0.001	0.003	0.001	0.004	0.002	0.004	0.0	9.090909090909092e-05	0.0	0.001	Source_3
39	L00825	bbb	bbb	0.0	1.0	0.0	0.0	0.0	0.0	0.0	0.0	0.0	0.0	0.0	0.0	0.0	0.0	0.0	0.0	0.0	0.0	0.0	0.0	0.0	0.0	0.0	0.0	0.0	0.0	0.0	0.0	0.0	0.0	Source_3
40	L01115	bbb	bbb	0.0	1.0	0.0	0.0	0.0	0.0	0.0	0.0	0.0	0.0	0.0	0.0	0.0	0.0	0.0	0.0	0.0	0.0	0.0	0.0	0.0	0.0	0.0	0.0	0.0	0.0	0.0	0.0	0.0	0.0	Source_3
41	L00701	j	dddd	0.028	0.001	0.111	0.007	0.022	0.256	0.008	0.07841666666666668	0.12	0.007997603785103785	0.045	0.02	0.0	0.029	0.006333333333333333	0.055	0.003333333333333333	0.009333333333333332	0.006	0.001	0.019002396214896213	0.007583333333333333	0.115	0.0	0.044	0.0	0.0	0.0	0.0	0.0	Source_3
42	L01024	aaaa	hhh	0.01	0.0	0.007	0.0	0.0	0.01	0.0	0.001	0.473	0.0024306818181818184	0.074	0.0	0.0	0.001	0.0	0.0	0.0	0.001	0.0	0.0	0.0005693181818181818	0.0	0.418	0.0	0.002	0.0	0.0	0.0	0.0	0.0	Source_3
43	L01354	q	hhhh	0.0	0.0	0.0	0.0	0.0	0.0	0.0	0.0	0.0	0.7517799070444303	0.0	0.0	0.0	0.0	0.0	0.0	0.0	0.0	0.0	0.0	0.24822009295557115	0.0	0.0	0.0	0.0	0.0	0.0	0.0	0.0	0.0	Source_3
44	L01025	ggg	ggg	0.0	0.002	0.001	0.0	0.0	0.0	0.0	0.7866934870684866	0.0	0.0	0.001	0.0	0.0	0.0	0.0	0.0	0.0	0.0	0.0	0.0	0.0	0.2093065129315129	0.0	0.0	0.0	0.0	0.0	0.0	0.0	0.0	Source_3
45	L01340	xxxx	mmm	0.001	0.0	0.011	0.003	0.005	0.001	0.0	0.025	0.075	0.242	0.009	0.002	0.0	0.016	0.013	0.001	0.005499999999999999	0.35150000000000003	0.0005	0.001	0.0	0.002	0.002	0.011	0.04	0.126	0.004	0.0325	0.0	0.02	Source_3
46	L01628	hhhh	hhhh	0.0	0.0	0.0	0.0	0.0	0.0	0.0	0.0	0.0	0.7517799070444303	0.0	0.0	0.0	0.0	0.0	0.0	0.0	0.0	0.0	0.0	0.24822009295557115	0.0	0.0	0.0	0.0	0.0	0.0	0.0	0.0	0.0	Source_3
47	L01619	qq	rr	0.004	0.01325	0.037619047619047614	0.0	0.057	0.005	0.001	0.04208928571428572	0.005	0.0	0.011	0.007	0.002	0.003	0.001	0.015380952380952379	0.0	0.005	0.001	0.003	0.0	0.002660714285714286	0.428	0.001	0.355	0.0	0.0	0.0	0.0	0.0	Source_3
48	L01835	gg	jj	0.001	0.08221666666666667	0.019	0.0	0.08228333333333335	0.008	0.003	0.14961190476190478	0.004	0.0	0.01	0.104	0.0	0.4966666666666667	0.0028	0.002	0.0007	0.0018333333333333333	0.0006666666666666666	0.001	0.0	0.005888095238095238	0.008	0.003	0.013	0.0	0.0	0.0	0.0003333333333333333	0.001	Source_3
0	L00708	jj	jj	0.0	0.0	0.015	0.0	0.0	0.0	0.0	0.003	0.0	0.0	0.0006666666666666666	0.002	0.0	0.6303690476190478	0.0	0.0	0.001	0.3439642857142858	0.0	0.0	0.0	0.0	0.001	0.003	0.0	0.0	0.0	0.0	0.0	0.0	Source_3
1	L00743	jj	jj	0.0	0.0	0.0	0.001	0.077	0.001	0.266	0.0	0.0	0.13	0.001	0.0	0.0	0.433	0.0	0.054	0.0	0.0	0.0	0.0	0.0	0.001	0.0	0.0	0.0	0.0	0.036	0.0	0.0	0.0	Source_3
2	L00921	ooo	ooo	0.0	0.0	0.007	0.0	0.0	0.0	0.0	0.0	0.0	0.0	0.0	0.001	0.0	0.025	0.0	0.0	0.001	0.015	0.0	0.951	0.0	0.0	0.0	0.0	0.0	0.0	0.0	0.0	0.0	0.0	Source_3
3	L01021	xxxx	xxxx	0.0	0.0	0.004	0.0	0.001	0.0	0.0	0.004	0.027	0.006	0.0	0.051	0.0	0.003	0.0	0.0	0.0	0.011	0.0	0.003	0.0	0.001	0.0	0.004	0.004	0.0	0.0	0.0	0.0	0.881	Source_3
4	L01045	rr	jj	0.0	0.0	0.0	0.0010666666666666667	0.08	0.001	0.172	0.003	0.0	0.131	0.001	0.0	0.0	0.4099333333333333	0.0	0.088	0.0	0.002	0.001	0.0	0.0	0.0	0.0	0.0	0.0	0.0	0.11	0.0	0.0	0.0	Source_3
5	L01203	hhhh	hhhh	0.0	0.0	0.006	0.0	0.033	0.0	0.0	0.007	0.012	0.921	0.0	0.002	0.0	0.0	0.0	0.0	0.0	0.009	0.0	0.001	0.0	0.0	0.0	0.0	0.008	0.001	0.0	0.0	0.0	0.0	Source_3
6	L01263	iii	kkk	0.0	0.0	0.0	0.12655993240505667	0.001	0.0	0.0	0.0	0.0	0.0	0.25078080009945375	0.0	0.0	0.0	0.0	0.0	0.4945514396422295	0.1271078278532617	0.0	0.0	0.0	0.0	0.0	0.0	0.0	0.0	0.0	0.0	0.0	0.0	Source_3
7	L01372	jj	jj	0.0	0.0	0.0	0.0	0.001	0.001	0.0	0.025	0.0	0.0	0.0	0.0	0.0	0.933	0.0	0.001	0.0	0.001	0.0	0.0	0.0	0.038	0.0	0.0	0.0	0.0	0.0	0.0	0.0	0.0	Source_3
8	L01469	bbbbb	ggg	0.0	0.045721428571428566	0.019716666666666667	0.001	0.27927857142857143	0.009	0.012	0.3358333333333334	0.003	0.0	0.014	0.01	0.008	0.025061904761904764	0.00525	0.038316666666666666	0.0	0.010688095238095238	0.0	0.03	0.0	0.016166666666666666	0.032	0.0	0.09896666666666666	0.006	0.0	0.0	0.0	0.0	Source_3
9	L01598	kk	bbbbb	0.0	0.002	0.35195436507936473	0.0	0.006	0.002	0.0	0.006	0.0	0.0	0.001	0.0	0.0	0.0	0.0	0.3145428571428569	0.0	0.0	0.0	0.0	0.0	0.0	0.002	0.0	0.3145027777777779	0.0	0.0	0.0	0.0	0.0	Source_3
10	L00308	nnnn	nnnn	0.0	0.0	0.0	0.0	0.0	0.0	0.0	0.0	0.0	0.0	0.0	0.0	0.0	0.0	0.0	0.0	0.0	0.0	0.8738845293595301	0.0	0.0	0.0	0.0	0.0	0.0	0.0	0.0	0.12611547064047096	0.0	0.0	Source_3
11	L00506	ccc	jj	0.0	0.0	0.0	0.11476626590214085	0.0	0.0	0.0	0.0	0.0	0.0	0.0	0.0	0.0	0.8852337340978589	0.0	0.0	0.0	0.0	0.0	0.0	0.0	0.0	0.0	0.0	0.0	0.0	0.0	0.0	0.0	0.0	Source_3
12	L00636	ddd	ddd	0.0	0.001	0.0	0.0	0.986	0.0	0.0	0.005	0.0	0.0	0.007	0.0	0.001	0.0	0.0	0.0	0.0	0.0	0.0	0.0	0.0	0.0	0.0	0.0	0.0	0.0	0.0	0.0	0.0	0.0	Source_3
13	L00704	iii	mmm	0.0	0.0	0.005	0.0019575757575757574	0.0	0.001	0.0	0.0	0.075	0.0	0.005627074314574315	0.001	0.001	0.0	0.003	0.001	0.013566071428571427	0.8888492784992786	0.0	0.0	0.0	0.0	0.0	0.001	0.0	0.002	0.0	0.0	0.0	0.0	Source_3
14	L01094	jj	jj	0.0	0.0	0.0	0.11476626590214085	0.0	0.0	0.0	0.0	0.0	0.0	0.0	0.0	0.0	0.8852337340978589	0.0	0.0	0.0	0.0	0.0	0.0	0.0	0.0	0.0	0.0	0.0	0.0	0.0	0.0	0.0	0.0	Source_3
15	L01246	s	s	0.0	0.002	0.0	0.0	0.0	0.0	0.002	0.0	0.0	0.0	0.0	0.009	0.0	0.0	0.0	0.0	0.0	0.0	0.0	0.0	0.0	0.0	0.0	0.987	0.0	0.0	0.0	0.0	0.0	0.0	Source_3
16	L00466	jj	jj	0.0	0.0	0.0	0.11476626590214085	0.0	0.0	0.0	0.0	0.0	0.0	0.0	0.0	0.0	0.8852337340978589	0.0	0.0	0.0	0.0	0.0	0.0	0.0	0.0	0.0	0.0	0.0	0.0	0.0	0.0	0.0	0.0	Source_3
17	L00533	ggg	ggg	0.0	0.001	0.0	0.0	0.002	0.0	0.001	0.7957611666111669	0.001	0.0	0.0	0.0	0.0	0.0	0.0	0.0	0.0	0.0	0.0	0.0	0.0	0.19923883338883325	0.0	0.0	0.0	0.0	0.0	0.0	0.0	0.0	Source_3
18	L00893	jjj	jjj	0.0	0.0	0.0	0.0	0.0	0.0	0.0	0.0	0.0	0.0	0.4334781746031745	0.0	0.0	0.0	0.47130317460317467	0.001	0.0	0.09321865079365076	0.0	0.001	0.0	0.0	0.0	0.0	0.0	0.0	0.0	0.0	0.0	0.0	Source_3
19	L01033	dddd	ggg	0.0	0.0	0.0	0.011201923076923076	0.020610714285714284	0.009	0.002	0.4193892857142857	0.003	0.002	0.007	0.006	0.002	0.05579807692307692	0.002	0.015	0.0	0.006	0.006655555555555556	0.002	0.0006666666666666666	0.002	0.0	0.003	0.003	0.005333333333333333	0.004	0.0	0.005344444444444444	0.407	Source_3
20	L01099	gg	gg	0.0	0.0	0.0	0.0	0.0	0.001	0.98	0.001	0.001	0.0	0.0	0.0	0.0	0.012	0.0	0.0	0.0	0.002	0.0	0.0	0.0	0.0	0.0	0.0	0.003	0.0	0.0	0.0	0.0	0.0	Source_3
21	L01260	dddd	dddd	0.0	0.0	0.0	0.0	0.0	1.0	0.0	0.0	0.0	0.0	0.0	0.0	0.0	0.0	0.0	0.0	0.0	0.0	0.0	0.0	0.0	0.0	0.0	0.0	0.0	0.0	0.0	0.0	0.0	0.0	Source_3
22	L01288	ddd	jj	0.0	0.0	0.0	0.004	0.001	0.0	0.003	0.168	0.006	0.0	0.004	0.001	0.0	0.568	0.0	0.003	0.001	0.004	0.0	0.0	0.0	0.23	0.0	0.001	0.0	0.002	0.001	0.0	0.001	0.002	Source_3
23	L00472	aaaa	iii	0.0	0.057	0.0013333333333333333	0.0	0.146	0.003	0.006	0.09078253968253969	0.002	0.0	0.591	0.003	0.001	0.011800000000000001	0.014	0.005666666666666667	0.0	0.0402	0.00025	0.002	0.0	0.009217460317460317	0.002	0.0	0.007	0.006	0.0	0.0	0.00075	0.0	Source_3
24	L00987	dddd	dddd	0.0	0.0	0.0	0.0	0.0	1.0	0.0	0.0	0.0	0.0	0.0	0.0	0.0	0.0	0.0	0.0	0.0	0.0	0.0	0.0	0.0	0.0	0.0	0.0	0.0	0.0	0.0	0.0	0.0	0.0	Source_3
25	L01130	mmm	mmm	0.0	0.0	0.0	0.0	0.0	0.0	0.0	0.0	0.06534013153169525	0.0	0.4355073151478729	0.0	0.0	0.0	0.0	0.0	0.0	0.49715255332043207	0.0	0.0	0.0	0.0	0.002	0.0	0.0	0.0	0.0	0.0	0.0	0.0	Source_3
26	L01141	uuuu	jj	0.0	0.0	0.0	0.0	0.077	0.086	0.0	0.003	0.10551558441558441	0.0	0.01089004329004329	0.0	0.002	0.526	0.0	0.0	0.0	0.0025943722943722945	0.002	0.0	0.0	0.0	0.184	0.001	0.0	0.0	0.0	0.0	0.0	0.0	Source_3
27	L01418	mmm	iii	0.0	0.0	0.0	0.0	0.004	0.0	0.0	0.0	0.03558608907432437	0.0	0.8520889003153714	0.001	0.0	0.004	0.0	0.0	0.0	0.09832501061030481	0.0	0.0	0.0	0.0	0.005	0.0	0.0	0.0	0.0	0.0	0.0	0.0	Source_3
28	L01776	hhh	hhh	0.0	0.0	0.001	0.0	0.0	0.0	0.0	0.0	0.996	0.0	0.0	0.001	0.0	0.0	0.0	0.0	0.0	0.001	0.0	0.0	0.0	0.0	0.0	0.0	0.001	0.0	0.0	0.0	0.0	0.0	Source_3
29	L00667	jj	jj	0.0	0.0	0.001	0.009	0.0	0.0	0.0	0.0	0.002	0.0	0.0	0.001	0.0	0.978	0.0	0.001	0.0	0.0	0.0	0.0	0.0	0.003	0.0	0.0	0.003	0.002	0.0	0.0	0.0	0.0	Source_3
30	L00720	iiii	iiii	0.0	0.0006666666666666666	0.0	0.0	0.0017619047619047618	0.002	0.0	0.0015714285714285715	0.006	0.0	0.002	0.85	0.0	0.00475	0.0	0.0	0.0	0.00425	0.016025396825396825	0.0	0.0	0.002	0.0	0.0	0.002	0.002	0.001	0.0	0.10297460317460315	0.001	Source_3
31	L00880	jj	kk	0.0	0.004	0.0064	0.01	0.01567261904761905	0.274	0.002	0.023327380952380954	0.012	0.0003333333333333333	0.012333333333333333	0.008	0.003	0.031	0.0016666666666666666	0.5414	0.0006666666666666666	0.021333333333333333	0.003333333333333333	0.003	0.0024166666666666664	0.004	0.007	0.001	0.0012	0.00425	0.002	0.0	0.002666666666666667	0.002	Source_3
32	L01079	jj	uuuu	0.0	0.0	0.001	0.001	0.003	0.001	0.0	0.004	0.002	0.0	0.048	0.001	0.0	0.002	0.0	0.0	0.0	0.002	0.001	0.0	0.3112305555555555	0.001	0.001	0.0	0.001	0.6197694444444447	0.0	0.0	0.0	0.0	Source_3
33	L01100	ggg	ggg	0.0	0.0	0.0	0.0	0.1957023559773558	0.0	0.0	0.7972976440226435	0.006	0.0	0.0	0.0	0.0	0.0	0.001	0.0	0.0	0.0	0.0	0.0	0.0	0.0	0.0	0.0	0.0	0.0	0.0	0.0	0.0	0.0	Source_3
34	L01799	qq	tt	0.0	0.0	0.017	0.007	0.006	0.002	0.064	0.017	0.043	0.012	0.0	0.011	0.001	0.296	0.003	0.0	0.0008	0.0272	0.0025714285714285713	0.004	0.0	0.005	0.0	0.02	0.422	0.025	0.001	0.0014285714285714286	0.0	0.012	Source_3
35	L00794	mmm	mmm	0.001	0.001	0.003	0.0	0.018	0.003	0.001	0.001	0.011	0.002616666666666667	0.0	0.003	0.002	0.005	0.14526468253968253	0.0	0.13773531746031745	0.649	0.01	0.0	0.005383333333333333	0.0	0.001	0.0	0.0	0.0	0.0	0.0	0.0	0.0	Source_3
36	L01057	mmm	mmm	0.0	0.001	0.002	0.24925	0.004	0.007	0.002	0.017	0.009181818181818182	0.002	0.004795454545454545	0.005	0.001	0.056	0.0	0.005	0.0005	0.6022727272727273	0.0038	0.002	0.0005	0.003	0.0	0.004	0.006	0.0055	0.001	0.0012	0.0	0.005	Source_3
37	L00733	hhh	hhh	0.0	0.027	0.009	0.107	0.043	0.004	0.114	0.0233	0.646	0.0	0.001	0.0	0.004	0.0	0.012	0.006	0.0	0.0	0.0	0.0	0.0	0.0007	0.003	0.0	0.0	0.0	0.0	0.0	0.0	0.0	Source_3
38	L00817	hhh	hhh	0.0	0.033	0.008	0.116	0.057	0.003	0.162	0.0253	0.565	0.0	0.001	0.0	0.004	0.0	0.016	0.006	0.0	0.0	0.0	0.0	0.0	0.0007	0.003	0.0	0.0	0.0	0.0	0.0	0.0	0.0	Source_3
39	L00824	nnnn	nnnn	0.0	0.0	0.0	0.002	0.0505	0.023	0.0	0.0045	0.002	0.0	0.247	0.007	0.0	0.011	0.0006666666666666666	0.002	0.0003333333333333333	0.011	0.6191666666666668	0.0	0.0	0.001	0.0	0.014	0.0	0.002	0.0	0.0	0.0008333333333333333	0.002	Source_3
40	L01068	kkk	mmm	0.0	0.001	0.0	0.003	0.152	0.026	0.0	0.00475	0.004	0.0	0.01	0.049	0.0	0.01	0.0	0.003	0.0	0.646	0.024595238095238094	0.0	0.0005	0.00025	0.002	0.06	0.0	0.0005	0.0	0.0	0.0014047619047619047	0.002	Source_3
41	L01258	s	s	0.0	0.0	0.0	0.0	0.315	0.238	0.0	0.0	0.0	0.0	0.002	0.075	0.0	0.002	0.0	0.001	0.0	0.025	0.003	0.001	0.0	0.0	0.0	0.338	0.0	0.0	0.0	0.0	0.0	0.0	Source_3
42	L01093	bbb	bbb	0.0	1.0	0.0	0.0	0.0	0.0	0.0	0.0	0.0	0.0	0.0	0.0	0.0	0.0	0.0	0.0	0.0	0.0	0.0	0.0	0.0	0.0	0.0	0.0	0.0	0.0	0.0	0.0	0.0	0.0	Source_3
43	L00379	dddd	dddd	0.012	0.0	0.026	0.002	0.008	0.649	0.0	0.03433333333333333	0.06	0.0064	0.017	0.004	0.048	0.006	0.011952380952380954	0.021	0.0025476190476190473	0.0095	0.012	0.0	0.0026	0.0006666666666666666	0.061	0.0	0.006	0.0	0.0	0.0	0.0	0.0	Source_3
44	L01621	bbb	bbb	0.0	0.926	0.002	0.034	0.009	0.0	0.009	0.006	0.008	0.0005	0.0	0.0	0.0	0.0	0.003	0.0	0.0	0.0	0.0	0.0	0.0005	0.0	0.002	0.0	0.0	0.0	0.0	0.0	0.0	0.0	Source_3
45	L01641	q	hhhh	0.0	0.0	0.0	0.0	0.0	0.0	0.0	0.0	0.0	0.7556904783086156	0.0	0.0	0.0	0.0	0.0	0.0	0.0	0.0	0.0	0.0	0.24430952169138587	0.0	0.0	0.0	0.0	0.0	0.0	0.0	0.0	0.0	Source_3
46	L01774	hhhh	hhhh	0.0	0.0	0.0	0.0	0.0	0.0	0.0	0.0	0.0	0.7556904783086156	0.0	0.0	0.0	0.0	0.0	0.0	0.0	0.0	0.0	0.0	0.24430952169138587	0.0	0.0	0.0	0.0	0.0	0.0	0.0	0.0	0.0	Source_3
47	L00508	ggg	ggg	0.0	0.049	0.009685714285714287	0.0	0.033	0.001	0.006	0.8266476190476191	0.003	0.0	0.014	0.003	0.002	0.006	0.001	0.005376190476190475	0.001	0.004	0.0	0.002	0.0	0.008352380952380953	0.007	0.0	0.017938095238095236	0.0	0.0	0.0	0.0	0.0	Source_3
48	L01605	tt	tt	0.0	0.1225	0.0003333333333333333	0.0	0.02275	0.0	0.006	0.027597619047619048	0.0	0.0	0.007	0.001	0.0	0.0018	0.0	0.009333333333333332	0.0	0.0002	0.0	0.092	0.0	0.003152380952380952	0.0	0.0	0.7063333333333334	0.0	0.0	0.0	0.0	0.0	Source_3
0	L01103	s	s	0.0	0.001	0.0	0.0	0.001	0.0	0.002	0.001	0.0	0.0	0.0	0.003	0.0	0.0	0.0	0.0	0.0	0.0	0.0	0.0	0.0	0.0	0.0	0.992	0.0	0.0	0.0	0.0	0.0	0.0	Source_3
1	L00572	jj	jj	0.0	0.0	0.0	0.0	0.0	0.0	0.0	0.0	0.0	0.0	0.0	0.0	0.0	1.0	0.0	0.0	0.0	0.0	0.0	0.0	0.0	0.0	0.0	0.0	0.0	0.0	0.0	0.0	0.0	0.0	Source_3
2	L00840	mmm	hhh	0.0	0.0	0.064	0.0	0.013	0.001	0.0	0.25066666666666665	0.272	0.015	0.0	0.016	0.0	0.034	0.003	0.0	0.004366666666666666	0.10363333333333333	0.0	0.047	0.0	0.0033333333333333335	0.0	0.067	0.088	0.009	0.001	0.002	0.0	0.006	Source_3
3	L00868	s	s	0.0	0.0	0.03714285714285714	0.0	0.0	0.004	0.0	0.009	0.0	0.0	0.008516666666666667	0.07	0.0	0.025	0.0	0.0012380952380952382	0.0008	0.056683333333333336	0.0	0.001	0.0	0.0	0.001	0.784	0.0006190476190476191	0.0	0.0	0.0	0.0	0.001	Source_3
4	L00892	ooo	ooo	0.0	0.0	0.011	0.0	0.0	0.0	0.0	0.001	0.0	0.0	0.0024166666666666664	0.001	0.0	0.035	0.0	0.0	0.0	0.011583333333333333	0.0	0.935	0.0	0.0	0.0	0.003	0.0	0.0	0.0	0.0	0.0	0.0	Source_3
5	L01019	tt	tt	0.0	0.0	0.016	0.001	0.063	0.0	0.0	0.015	0.066	0.133	0.0	0.012	0.001	0.008	0.0	0.0	0.0	0.017	0.0	0.007	0.0	0.004	0.0	0.002	0.651	0.003	0.0	0.0	0.0	0.001	Source_3
6	L01102	hhhh	ggg	0.001	0.0	0.045	0.0	0.006	0.001	0.0	0.321	0.139	0.006	0.0	0.008	0.0	0.121	0.001	0.001	0.0	0.039	0.0	0.021	0.0	0.002	0.0	0.242	0.04	0.002	0.0	0.001	0.0	0.003	Source_3
7	L01180	bbbbb	kk	0.0	0.003	0.3135460317460316	0.0	0.008666666666666666	0.003	0.001	0.019	0.001	0.0	0.001	0.0	0.0	0.001	0.0	0.3302547619047615	0.0	0.001	0.0	0.001	0.0	0.0003333333333333333	0.006	0.0	0.30919920634920584	0.001	0.0	0.0	0.0	0.0	Source_3
8	L00291	hhhh	mmm	0.0	0.0	0.006	0.0	0.002142857142857143	0.001	0.0	0.055857142857142855	0.047	0.0	0.002	0.001	0.003	0.01	0.029	0.002	0.0157	0.6013	0.001	0.001	0.0	0.001	0.0	0.013	0.008	0.086	0.012	0.068	0.0	0.034	Source_3
9	L00494	ccc	jj	0.0	0.0	0.0	0.007	0.00225	0.001	0.0	0.00075	0.001	0.147	0.001	0.001	0.044	0.46	0.0	0.006	0.0	0.161	0.001	0.0	0.167	0.0	0.0	0.0	0.0	0.0	0.0	0.0	0.0	0.0	Source_3
10	L00545	ddd	rr	0.0	0.018	0.12794523809523814	0.0019023920523920526	0.07	0.039	0.004	0.18488333333333332	0.001	0.0	0.004103893328893329	0.011	0.001	0.037	0.008	0.06662619047619049	0.007993714618714618	0.004	0.00025	0.016	0.0	0.03811666666666667	0.197	0.002	0.1574285714285714	0.001	0.0	0.0	0.00075	0.001	Source_3
11	L00750	jj	jj	0.0	0.0	0.0	0.181714542805836	0.0	0.0	0.0	0.0	0.0	0.0	0.0	0.0	0.0	0.8182854571941653	0.0	0.0	0.0	0.0	0.0	0.0	0.0	0.0	0.0	0.0	0.0	0.0	0.0	0.0	0.0	0.0	Source_3
12	L00760	hhhh	uuuu	0.0	0.0	0.0	0.0	0.0	0.0	0.0	0.003	0.016	0.001	0.004	0.001	0.006	0.001	0.097	0.0	0.0035	0.3435	0.0	0.001	0.0	0.0	0.0	0.0	0.004	0.424	0.006	0.043	0.0	0.046	Source_3
13	L00811	ggg	ggg	0.001	0.003	0.002	0.0	0.003	0.0	0.001	0.7539814935064931	0.0	0.0	0.002	0.0	0.0	0.0	0.0	0.0	0.0	0.0	0.0	0.0	0.0	0.23301850649350636	0.0	0.0	0.001	0.0	0.0	0.0	0.0	0.0	Source_3
14	L00813	jj	jj	0.001	0.001	0.004533333333333333	0.03193301282051282	0.011892857142857144	0.015	0.002	0.034107142857142864	0.018	0.007	0.01211111111111111	0.014	0.005	0.7040669871794871	0.002	0.01813333333333333	0.003638888888888889	0.02325	0.00665952380952381	0.004	0.003	0.008	0.003	0.0	0.003333333333333333	0.044	0.006	0.0	0.00834047619047619	0.005	Source_3
15	L00841	jjj	mmm	0.0	0.0	0.0	0.0	0.0	0.0	0.0	0.007	0.003	0.0	0.0	0.0	0.007	0.002	0.029	0.0	0.0	0.947	0.0	0.005	0.0	0.0	0.0	0.0	0.0	0.0	0.0	0.0	0.0	0.0	Source_3
16	L00915	mmm	mmm	0.0	0.0	0.001	0.0	0.007	0.0	0.0	0.0	0.0	0.0	0.006	0.0	0.0	0.0	0.005	0.0	0.0	0.947	0.0	0.002	0.0	0.0	0.0	0.0	0.001	0.031	0.0	0.0	0.0	0.0	Source_3
17	L01104	kkk	mmm	0.0	0.0	0.2645	0.0	0.0	0.001	0.0	0.043	0.0	0.0	0.05076666666666667	0.023	0.0	0.16666666666666669	0.0	0.0	0.0018	0.3877666666666667	0.0	0.002	0.0	0.001	0.0045	0.053	0.0	0.001	0.0	0.0	0.0	0.0	Source_3
18	L01151	mmm	mmm	0.0	0.0	0.2645	0.0	0.0	0.001	0.0	0.043	0.0	0.0	0.05076666666666667	0.023	0.0	0.16766666666666669	0.0	0.0	0.0018	0.3887666666666667	0.0	0.002	0.0	0.0	0.0045	0.053	0.0	0.0	0.0	0.0	0.0	0.0	Source_3
19	L01251	ggg	ggg	0.001	0.003	0.002	0.0	0.003	0.0	0.001	0.7539814935064931	0.0	0.0	0.002	0.0	0.0	0.0	0.0	0.0	0.0	0.0	0.0	0.0	0.0	0.23301850649350636	0.0	0.0	0.001	0.0	0.0	0.0	0.0	0.0	Source_3
20	L01797	hhh	mmm	0.0	0.0	0.19006666666666666	0.0	0.005	0.0	0.001	0.032	0.0	0.0	0.1414	0.018	0.0	0.13166666666666665	0.0	0.005266666666666667	0.001	0.42393333333333333	0.0	0.003	0.0	0.002	0.0055	0.036	0.004166666666666666	0.0	0.0	0.0	0.0	0.0	Source_3
21	L00679	bbb	ddd	0.0	0.002	0.007083333333333333	0.0	0.643	0.002	0.024	0.081	0.0	0.0	0.001	0.115	0.0	0.109	0.002	0.004833333333333333	0.0	0.001	0.001	0.0	0.0	0.001	0.0	0.001	0.0030833333333333333	0.0	0.001	0.0	0.001	0.0	Source_3
22	L00810	jj	uuuu	0.0	0.0	0.0	0.0	0.057	0.103	0.0	0.001	0.11727424242424242	0.001	0.004563986013986014	0.001	0.0	0.048	0.0	0.0	0.0005	0.019661771561771558	0.0	0.001	0.0	0.0	0.224	0.0	0.0	0.422	0.0	0.0	0.0	0.0	Source_3
23	L00952	iii	jjj	0.0	0.0	0.0	0.0	0.0	0.0	0.0	0.003	0.0	0.0	0.0	0.0	0.002	0.001	0.934	0.0	0.0	0.06	0.0	0.0	0.0	0.0	0.0	0.0	0.0	0.0	0.0	0.0	0.0	0.0	Source_3
24	L01284	jj	jj	0.0	0.0	0.0	0.0	0.001	0.0	0.005	0.0	0.0	0.0	0.0	0.0	0.0	0.991	0.0	0.0	0.0005	0.0005	0.0	0.0	0.0	0.0	0.001	0.0	0.0	0.0	0.001	0.0	0.0	0.0	Source_3
25	L00306	dddd	dddd	0.0	0.0	0.0	0.0	0.0	1.0	0.0	0.0	0.0	0.0	0.0	0.0	0.0	0.0	0.0	0.0	0.0	0.0	0.0	0.0	0.0	0.0	0.0	0.0	0.0	0.0	0.0	0.0	0.0	0.0	Source_3
26	L00339	dddd	dddd	0.0	0.0	0.0	0.0	0.0	1.0	0.0	0.0	0.0	0.0	0.0	0.0	0.0	0.0	0.0	0.0	0.0	0.0	0.0	0.0	0.0	0.0	0.0	0.0	0.0	0.0	0.0	0.0	0.0	0.0	Source_3
27	L00851	uuuu	uuuu	0.0	0.001	0.001	0.002	0.001	0.006	0.0	0.006	0.006	0.0	0.005	0.001	0.001	0.014	0.001	0.004	0.001	0.004	0.0014	0.001	0.0	0.0	0.0	0.0	0.002	0.938	0.0	0.0	0.0026	0.001	Source_3
28	L01053	ddd	uuuu	0.003	0.002	0.0035	0.014	0.043751984126984125	0.055	0.003	0.08124801587301587	0.039	0.009	0.05	0.031	0.004	0.22071428571428572	0.006	0.02291666666666667	0.006999999999999999	0.05428571428571428	0.028533333333333334	0.007	0.001	0.015	0.008	0.003	0.006583333333333333	0.242	0.004	0.0012	0.004266666666666667	0.03	Source_3
29	L01639	hhh	hhh	0.0	0.0	0.0	0.0	0.0	0.0	0.0	0.0	0.998	0.0	0.0	0.0	0.0	0.0	0.0	0.0	0.0	0.002	0.0	0.0	0.0	0.0	0.0	0.0	0.0	0.0	0.0	0.0	0.0	0.0	Source_3
30	L01686	qq	ggg	0.0	0.0	0.083	0.0	0.022	0.002	0.0	0.302	0.122	0.005	0.0	0.008	0.0	0.116	0.001	0.0	0.0	0.04	0.0	0.019	0.0	0.003	0.0	0.236	0.035	0.003	0.0	0.001	0.0	0.002	Source_3
31	L00406	iii	mmm	0.0	0.0	0.0	0.0	0.0	0.0	0.0	0.0	0.035877998815769745	0.0	0.23336966590770755	0.0	0.0	0.002	0.0	0.0	0.0006666666666666666	0.7160856686098551	0.0	0.0	0.0	0.0	0.01	0.0	0.0	0.002	0.0	0.0	0.0	0.0	Source_3
32	L01015	x	x	0.0	0.0	0.0	0.0	0.0	0.0	0.0	0.0	0.0	0.0	0.0	0.008	0.0	0.001	0.0	0.0	0.0	0.0	0.24529942279942285	0.0	0.0	0.0	0.0	0.0	0.0	0.0	0.0	0.0	0.7457005772005767	0.0	Source_3
33	L01162	dddd	dddd	0.0	0.0	0.0	0.0	0.0	1.0	0.0	0.0	0.0	0.0	0.0	0.0	0.0	0.0	0.0	0.0	0.0	0.0	0.0	0.0	0.0	0.0	0.0	0.0	0.0	0.0	0.0	0.0	0.0	0.0	Source_3
34	L01437	q	uuuu	0.0	0.0	0.0	0.0	0.0	0.0	0.001	0.001	0.0	0.0	0.083	0.001	0.0	0.059	0.0	0.0	0.0	0.003	0.0	0.0	0.001	0.0	0.0	0.0	0.0	0.851	0.0	0.0	0.0	0.0	Source_3
35	L00784	jj	jj	0.0	0.0	0.0	0.01	0.0	0.0	0.0	0.0	0.001	0.001	0.0	0.0	0.0	0.988	0.0	0.0	0.0	0.0	0.0	0.0	0.0	0.0	0.0	0.0	0.0	0.0	0.0	0.0	0.0	0.0	Source_3
36	L00890	jj	rr	0.0	0.0	0.004	0.0	0.047	0.0	0.0	0.005	0.002	0.002	0.003	0.111	0.001	0.062	0.0	0.018	0.0	0.0	0.016	0.0	0.007	0.001	0.721	0.0	0.0	0.0	0.0	0.0	0.0	0.0	Source_3
37	L00916	hhh	hhh	0.001	0.0	0.019	0.0	0.135	0.014	0.001	0.00925	0.626	0.01721666666666667	0.006	0.013	0.01	0.013	0.0135	0.004	0.0115	0.004	0.047	0.0	0.025783333333333335	0.00175	0.028	0.0	0.0	0.0	0.0	0.0	0.0	0.0	Source_3
38	L01631	nnnn	nnnn	0.0	0.0	0.0	0.0	0.0	0.0	0.0	0.0	0.0	0.0	0.0	0.0	0.0	0.0	0.0	0.0	0.0	0.0	0.8602435203685203	0.0	0.0	0.0	0.0	0.0	0.0	0.0	0.0	0.13975647963147983	0.0	0.0	Source_3
39	L00809	jj	mmm	0.0	0.001	0.005	0.04602222222222222	0.013725	0.01	0.002	0.03594166666666667	0.021	0.005	0.013	0.017	0.004	0.11297777777777777	0.0013333333333333333	0.007	0.00375	0.6359166666666666	0.006666666666666667	0.004	0.0	0.015333333333333334	0.002	0.0	0.005	0.023	0.002	0.001	0.0003333333333333333	0.006	Source_3
40	L01143	bbb	bbb	0.0	1.0	0.0	0.0	0.0	0.0	0.0	0.0	0.0	0.0	0.0	0.0	0.0	0.0	0.0	0.0	0.0	0.0	0.0	0.0	0.0	0.0	0.0	0.0	0.0	0.0	0.0	0.0	0.0	0.0	Source_3
41	L01472	iiii	s	0.0	0.001	0.0	0.001	0.15714285714285714	0.34	0.0	0.014857142857142857	0.004	0.0	0.003	0.003	0.0	0.005	0.001	0.0	0.04209722222222222	0.04690277777777777	0.006	0.001	0.0	0.0	0.001	0.368	0.0	0.0	0.001	0.0	0.0	0.004	Source_3
42	L00295	nnnn	nnnn	0.0	0.001	0.002	0.003	0.012	0.004	0.0	0.012	0.003	0.0	0.019	0.011	0.002	0.023	0.001	0.001	0.0055	0.011499999999999998	0.8775833333333334	0.001	0.0	0.006	0.0	0.003	0.0	0.0	0.0	0.0	0.0014166666666666666	0.0	Source_3
43	L01485	mmm	kkk	0.0	0.0	0.0	0.14733196386946418	0.0	0.0	0.0	0.0	0.0	0.0	0.2874429334554331	0.0	0.0	0.001	0.0	0.0	0.5632251026751033	0.001	0.0	0.0	0.0	0.0	0.0	0.0	0.0	0.0	0.0	0.0	0.0	0.0	Source_3
44	L00380	dddd	dddd	0.013	0.001	0.032	0.0	0.017	0.659	0.002	0.03633333333333333	0.048	0.00545	0.013	0.011	0.055	0.0	0.01566666666666667	0.01	0.007333333333333333	0.005	0.007	0.0	0.00055	0.0016666666666666666	0.047	0.0	0.013	0.0	0.0	0.0	0.0	0.0	Source_3
45	L01500	kk	kk	0.0	0.003	0.3145460317460316	0.0	0.008	0.003	0.001	0.016666666666666663	0.0	0.0	0.001	0.0	0.0	0.001	0.0	0.3307547619047615	0.0	0.001	0.0	0.001	0.0	0.0003333333333333333	0.006	0.0	0.31169920634920584	0.001	0.0	0.0	0.0	0.0	Source_3
46	L00930	ggg	kk	0.0	0.001	0.07640000000000001	0.0	0.17	0.0	0.008	0.006166666666666667	0.0	0.0	0.0	0.001	0.0	0.001	0.0	0.6984	0.0	0.002	0.0005	0.007	0.0	0.0018333333333333333	0.008	0.007	0.010199999999999999	0.001	0.0	0.0	0.0005	0.0	Source_3
47	L01136	tt	tt	0.0	0.075	0.023999999999999997	0.0	0.03	0.001	0.0	0.059	0.001	0.0	0.001	0.003	0.0	0.004	0.001	0.02298333333333333	0.0	0.001	0.001	0.301	0.0	0.0	0.0	0.0	0.4750166666666667	0.0	0.0	0.0	0.0	0.0	Source_3
48	L01264	gg	gg	0.0	0.002	0.015333333333333334	0.0	0.059	0.002	0.808	0.0016666666666666666	0.0	0.0	0.0	0.006	0.0	0.0	0.0	0.055	0.001	0.0	0.0	0.003	0.0	0.0013333333333333333	0.004	0.039	0.0026666666666666666	0.0	0.0	0.0	0.0	0.0	Source_3
0	L00413	jj	jj	0.0	0.0	0.0	0.0	0.0	0.0	0.0	0.0	0.0	0.0	0.0	0.0	0.0	1.0	0.0	0.0	0.0	0.0	0.0	0.0	0.0	0.0	0.0	0.0	0.0	0.0	0.0	0.0	0.0	0.0	Source_3
1	L00695	iii	kkk	0.0	0.0	0.0	0.15546049228549247	0.0	0.0	0.0	0.0	0.0	0.0	0.16591420801420817	0.0	0.0	0.0	0.0	0.0	0.5075052447552448	0.17112005494505517	0.0	0.0	0.0	0.0	0.0	0.0	0.0	0.0	0.0	0.0	0.0	0.0	Source_3
2	L00707	jj	jj	0.0	0.0	0.0	0.0	0.0	0.0	0.0	0.0	0.0	0.0	0.0	0.0	0.0	1.0	0.0	0.0	0.0	0.0	0.0	0.0	0.0	0.0	0.0	0.0	0.0	0.0	0.0	0.0	0.0	0.0	Source_3
3	L00845	kkk	kkk	0.0	0.0	0.0	0.15546049228549247	0.0	0.0	0.0	0.0	0.0	0.0	0.16591420801420817	0.0	0.0	0.0	0.0	0.0	0.5075052447552448	0.17112005494505517	0.0	0.0	0.0	0.0	0.0	0.0	0.0	0.0	0.0	0.0	0.0	0.0	Source_3
4	L01001	s	s	0.0	0.0	0.001	0.001	0.001	0.0	0.0	0.061	0.022	0.096	0.0	0.001	0.0	0.014	0.0	0.0	0.0	0.032	0.0	0.003	0.0	0.117	0.0	0.631	0.004	0.0	0.0	0.003	0.0	0.013	Source_3
5	L01023	ggg	ggg	0.002	0.001	0.001	0.0	0.0	0.0	0.0	0.7994485209235205	0.0	0.0	0.0	0.0	0.0	0.0	0.0	0.0	0.0	0.0	0.0	0.0	0.0	0.1955514790764791	0.0	0.0	0.001	0.0	0.0	0.0	0.0	0.0	Source_3
6	L01084	s	s	0.0	0.0006666666666666666	0.014	0.0	0.007333333333333333	0.0	0.218	0.012	0.001	0.0	0.001	0.0	0.0	0.0	0.0	0.023	0.0	0.0	0.0	0.0	0.0	0.0	0.001	0.722	0.0	0.0	0.0	0.0	0.0	0.0	Source_3
7	L01195	hhhh	hhhh	0.0	0.0	0.004	0.0	0.016	0.0	0.0	0.004	0.007	0.904	0.0	0.0	0.005	0.005	0.0	0.0	0.002333333333333333	0.004666666666666666	0.0	0.002	0.0	0.006	0.0	0.0	0.038	0.001	0.001	0.0	0.0	0.0	Source_3
8	L01271	ddd	gg	0.004	0.005	0.061200000000000004	0.0	0.058	0.0	0.395	0.08366666666666667	0.0	0.0	0.004	0.0	0.001	0.002	0.0	0.1656	0.0	0.001	0.0	0.006	0.0	0.0003333333333333333	0.0	0.199	0.0132	0.001	0.0	0.0	0.0	0.0	Source_3
9	L01371	mmm	mmm	0.0	0.0	0.01	0.001969047619047619	0.0	0.0	0.0	0.0	0.001	0.0	0.0259	0.001	0.0	0.001	0.0	0.0	0.01637142857142857	0.9427595238095239	0.0	0.0	0.0	0.0	0.0	0.0	0.0	0.0	0.0	0.0	0.0	0.0	Source_3
10	L01607	rr	bbbbb	0.0	0.0	0.64	0.0005	0.001	0.0	0.0	0.222	0.002	0.0	0.0029285714285714284	0.005	0.0	0.012	0.0	0.0	0.0075	0.09907142857142857	0.001	0.0	0.0	0.0	0.0	0.006	0.0	0.0	0.0	0.001	0.0	0.0	Source_3
11	L00776	jj	mmm	0.0	0.0	0.168	0.00075	0.0	0.0	0.0	0.017	0.006	0.0	0.023178571428571427	0.019	0.0	0.034	0.0	0.0	0.096	0.40307142857142864	0.0	0.204	0.0	0.0	0.0	0.029	0.0	0.0	0.0	0.0	0.0	0.0	Source_3
12	L00783	jj	jj	0.0	0.0	0.0	0.0	0.064	0.0	0.147	0.0	0.001	0.116	0.0	0.002	0.0	0.302	0.0	0.048	0.0	0.0	0.0	0.0	0.0	0.0	0.299	0.0	0.0	0.0	0.021	0.0	0.0	0.0	Source_3
13	L00865	iiii	s	0.0	0.0006666666666666666	0.014	0.0	0.006333333333333333	0.0	0.216	0.016	0.001	0.0	0.001	0.0	0.0	0.0	0.0	0.023	0.0	0.0	0.0	0.0	0.0	0.0	0.001	0.72	0.001	0.0	0.0	0.0	0.0	0.0	Source_3
14	L00874	wwww	wwww	0.0	0.0	0.0	0.0	0.0	0.0	0.0	0.0	0.002	0.006	0.0	0.001	0.0	0.0	0.0	0.0	0.0	0.012	0.0	0.0	0.0	0.0	0.0	0.0	0.0	0.0	0.0	0.979	0.0	0.0	Source_3
15	L01035	jjj	mmm	0.0	0.001	0.006	0.0	0.0	0.0	0.0	0.0	0.018	0.204	0.003	0.001	0.001	0.003	0.0	0.0	0.0006	0.6234	0.003153174603174603	0.0	0.0	0.0	0.0	0.001	0.005	0.108	0.0	0.013846825396825397	0.0	0.008	Source_3
16	L01121	uuuu	uuuu	0.0	0.0	0.001	0.0	0.001	0.045	0.0	0.002	0.006	0.085	0.0	0.001	0.0	0.0	0.0	0.0	0.0	0.009	0.0	0.0	0.0	0.001	0.0	0.0	0.0	0.849	0.0	0.0	0.0	0.0	Source_3
17	L01137	tt	hhh	0.0	0.0	0.17	0.0	0.015	0.002	0.001	0.058	0.343	0.047	0.0	0.012	0.0	0.009	0.0003333333333333333	0.0	0.0076	0.12706666666666666	0.0006666666666666666	0.147	0.0	0.031	0.0	0.01	0.016	0.002	0.0	0.0003333333333333333	0.0	0.001	Source_3
18	L01408	hhh	mmm	0.001	0.002	0.001	0.0	0.004	0.0	0.0	0.166	0.002	0.0	0.0023333333333333335	0.007	0.189	0.221	0.15594880952380955	0.0	0.001	0.23771785714285723	0.0	0.001	0.0005	0.003	0.002	0.001	0.0	0.0025	0.0	0.0	0.0	0.0	Source_3
19	L01506	bbbbb	tt	0.0	0.0	0.002	0.0	0.001	0.003	0.001	0.224	0.007	0.015	0.001	0.0	0.043	0.003	0.0	0.0	0.07671666666666667	0.12728333333333336	0.0	0.001	0.0	0.002	0.0	0.0	0.475	0.004	0.001	0.001	0.0	0.012	Source_3
20	L00300	dddd	dddd	0.0	0.0	0.0	0.0	0.0	1.0	0.0	0.0	0.0	0.0	0.0	0.0	0.0	0.0	0.0	0.0	0.0	0.0	0.0	0.0	0.0	0.0	0.0	0.0	0.0	0.0	0.0	0.0	0.0	0.0	Source_3
21	L00414	dddd	dddd	0.0	0.0	0.0	0.0	0.0	1.0	0.0	0.0	0.0	0.0	0.0	0.0	0.0	0.0	0.0	0.0	0.0	0.0	0.0	0.0	0.0	0.0	0.0	0.0	0.0	0.0	0.0	0.0	0.0	0.0	Source_3
22	L00709	jj	jj	0.0	0.0	0.0	0.17930598973086867	0.0	0.0	0.0	0.0	0.0	0.0	0.0	0.0	0.0	0.820694010269131	0.0	0.0	0.0	0.0	0.0	0.0	0.0	0.0	0.0	0.0	0.0	0.0	0.0	0.0	0.0	0.0	Source_3
23	L00843	ooo	ggg	0.0	0.002	0.001	0.0	0.004	0.0	0.0	0.23724444444444445	0.002	0.0	0.002	0.007	0.169	0.202	0.14311547619047627	0.0	0.001	0.21888452380952383	0.0	0.001	0.0005	0.0037555555555555554	0.002	0.001	0.0	0.0025	0.0	0.0	0.0	0.0	Source_3
24	L01095	dddd	dddd	0.0	0.0	0.0	0.0	0.0	1.0	0.0	0.0	0.0	0.0	0.0	0.0	0.0	0.0	0.0	0.0	0.0	0.0	0.0	0.0	0.0	0.0	0.0	0.0	0.0	0.0	0.0	0.0	0.0	0.0	Source_3
25	L00440	iii	iii	0.0	0.0	0.0	0.0	0.0	0.0	0.0	0.0	0.14186767464561598	0.0	0.8581323253543849	0.0	0.0	0.0	0.0	0.0	0.0	0.0	0.0	0.0	0.0	0.0	0.0	0.0	0.0	0.0	0.0	0.0	0.0	0.0	Source_3
26	L00755	mmm	iii	0.0	0.0	0.0	0.0	0.0	0.0	0.0	0.0	0.14186767464561598	0.0	0.8581323253543849	0.0	0.0	0.0	0.0	0.0	0.0	0.0	0.0	0.0	0.0	0.0	0.0	0.0	0.0	0.0	0.0	0.0	0.0	0.0	Source_3
27	L00942	gg	gg	0.0	0.0	0.001	0.0	0.002	0.0	0.974	0.0	0.001	0.002	0.001	0.0	0.0	0.008	0.0	0.0	0.0	0.001	0.0	0.0	0.0	0.004	0.0	0.0	0.005	0.0	0.0	0.001	0.0	0.0	Source_3
28	L00948	tt	jj	0.0	0.0	0.0	0.0200249216637896	0.0	0.0	0.0	0.0	0.0	0.0	0.0	0.0	0.0	0.9799750783362099	0.0	0.0	0.0	0.0	0.0	0.0	0.0	0.0	0.0	0.0	0.0	0.0	0.0	0.0	0.0	0.0	Source_3
29	L00949	mmm	iii	0.0	0.0	0.0	0.0	0.0	0.0	0.0	0.0	0.14186767464561598	0.0	0.8581323253543849	0.0	0.0	0.0	0.0	0.0	0.0	0.0	0.0	0.0	0.0	0.0	0.0	0.0	0.0	0.0	0.0	0.0	0.0	0.0	Source_3
30	L01462	mmm	iii	0.0	0.0	0.0	0.0	0.0	0.0	0.0	0.0	0.14186767464561598	0.0	0.8581323253543849	0.0	0.0	0.0	0.0	0.0	0.0	0.0	0.0	0.0	0.0	0.0	0.0	0.0	0.0	0.0	0.0	0.0	0.0	0.0	Source_3
31	L00785	jj	jj	0.001	0.001	0.006083333333333334	0.05763055555555556	0.034	0.076	0.011	0.10355	0.024	0.003	0.032	0.05	0.006	0.3180361111111111	0.005	0.032708333333333325	0.006559523809523809	0.055773809523809524	0.01753333333333333	0.0	0.0026666666666666666	0.01445	0.014	0.002	0.008208333333333333	0.05433333333333333	0.025	0.0	0.008466666666666667	0.03	Source_3
32	L01012	x	x	0.0	0.0	0.0	0.0	0.0	0.0	0.0	0.0	0.0	0.0	0.0	0.007	0.0	0.0	0.0	0.0	0.0	0.0	0.23913239538239534	0.0	0.0	0.0	0.0	0.0	0.0	0.0	0.0	0.0	0.7538676046176043	0.0	Source_3
33	L01090	ddd	ggg	0.0	0.0	0.0	0.001	0.002	0.001	0.0	0.954	0.031	0.0	0.0	0.002	0.0	0.002	0.001	0.001	0.0	0.0	0.0007857142857142857	0.0	0.0	0.0	0.0	0.0	0.0	0.0	0.001	0.0	0.002214285714285714	0.001	Source_3
34	L01144	ggg	ggg	0.0	0.0	0.0	0.001	0.002	0.001	0.0	0.954	0.031	0.0	0.0	0.002	0.0	0.002	0.001	0.001	0.0	0.0	0.0007857142857142857	0.0	0.0	0.0	0.0	0.0	0.0	0.0	0.001	0.0	0.002214285714285714	0.001	Source_3
35	L01804	jj	jj	0.0	0.0	0.001	0.005	0.003	0.002	0.001	0.005	0.025	0.001	0.0	0.018	0.001	0.901	0.0	0.002	0.0	0.003	0.0016	0.002	0.0	0.018	0.0	0.0	0.003	0.001	0.004	0.0004	0.0	0.002	Source_3
36	L01495	qq	ggg	0.0	0.0	0.004	0.0	0.0	0.002	0.0	0.881	0.001	0.0	0.001	0.0	0.004	0.0	0.001	0.048	0.0	0.0	0.0	0.0	0.0	0.0	0.004	0.0	0.054	0.0	0.0	0.0	0.0	0.0	Source_3
37	L00375	iii	iii	0.0	0.0	0.0	0.0	0.001	0.001	0.0	0.001	0.002	0.0	0.626	0.001	0.0	0.011	0.0	0.0	0.0	0.001	0.0	0.0	0.11788214285714287	0.0	0.0	0.0	0.0	0.2381178571428572	0.0	0.0	0.0	0.0	Source_3
38	L00397	dddd	dddd	0.0	0.0	0.0	0.0	0.0	1.0	0.0	0.0	0.0	0.0	0.0	0.0	0.0	0.0	0.0	0.0	0.0	0.0	0.0	0.0	0.0	0.0	0.0	0.0	0.0	0.0	0.0	0.0	0.0	0.0	Source_3
39	L00721	hhh	hhh	0.002	0.02	0.006	0.033	0.014	0.004	0.051	0.004	0.858	0.0	0.0	0.0	0.0	0.001	0.005	0.001	0.0	0.0	0.0	0.0	0.0	0.0	0.001	0.0	0.0	0.0	0.0	0.0	0.0	0.0	Source_3
40	L00958	bbb	bbb	0.0	0.998	0.0	0.0	0.001	0.0	0.001	0.0	0.0	0.0	0.0	0.0	0.0	0.0	0.0	0.0	0.0	0.0	0.0	0.0	0.0	0.0	0.0	0.0	0.0	0.0	0.0	0.0	0.0	0.0	Source_3
41	L00302	nnnn	nnnn	0.0	0.0	0.001	0.001	0.005	0.011	0.001	0.003	0.002	0.0	0.018	0.01	0.0	0.01977777777777778	0.0	0.002	0.005399999999999999	0.011822222222222224	0.8965	0.0	0.0	0.001	0.0	0.002	0.001	0.007	0.001	0.0	0.0005	0.0	Source_3
42	L00751	ccc	ccc	0.0	0.031	0.001	0.875	0.028	0.002	0.026	0.003	0.026	0.0	0.0	0.0	0.002	0.0	0.005	0.001	0.0	0.0	0.0	0.0	0.0	0.0	0.0	0.0	0.0	0.0	0.0	0.0	0.0	0.0	Source_3
43	L01038	bbb	bbb	0.0	0.998	0.0	0.0	0.001	0.0	0.001	0.0	0.0	0.0	0.0	0.0	0.0	0.0	0.0	0.0	0.0	0.0	0.0	0.0	0.0	0.0	0.0	0.0	0.0	0.0	0.0	0.0	0.0	0.0	Source_3
44	L01609	hhhh	hhhh	0.0	0.0	0.0	0.0	0.0	0.0	0.0	0.0	0.0	0.6937642831365107	0.0	0.0	0.0	0.0	0.0	0.0	0.0	0.0	0.0	0.0	0.3062357168634895	0.0	0.0	0.0	0.0	0.0	0.0	0.0	0.0	0.0	Source_3
45	L01059	jj	mmm	0.0	0.0	0.146	0.001	0.0	0.001	0.0	0.017	0.004	0.0	0.01862857142857143	0.014	0.0	0.03	0.0	0.0	0.026	0.7123714285714285	0.0	0.0	0.0	0.0	0.0	0.03	0.0	0.0	0.0	0.0	0.0	0.0	Source_3
46	L01138	ggg	ggg	0.0	0.0	0.0	0.001	0.002	0.001	0.0	0.954	0.031	0.0	0.0	0.002	0.0	0.002	0.001	0.001	0.0	0.0	0.0007857142857142857	0.0	0.0	0.0	0.0	0.0	0.0	0.0	0.001	0.0	0.002214285714285714	0.001	Source_3
47	L01028	hhhh	jj	0.0	0.0	0.0	0.042	0.001	0.0	0.0	0.001	0.0	0.0	0.0	0.0	0.067	0.801	0.0	0.009	0.0	0.077	0.0	0.0	0.0	0.001	0.0	0.0	0.0	0.0	0.0	0.0	0.0	0.001	Source_3
48	L01238	q	jj	0.0	0.0	0.0	0.039	0.0	0.0	0.0	0.0	0.0	0.0	0.0	0.0	0.066	0.795	0.0	0.024	0.0	0.076	0.0	0.0	0.0	0.0	0.0	0.0	0.0	0.0	0.0	0.0	0.0	0.0	Source_3
0	L00407	ggg	mmm	0.0	0.0	0.033	0.001	0.01	0.0	0.001	0.001	0.153	0.168	0.004	0.0	0.0	0.037	0.0	0.001	0.0	0.217	0.0	0.0	0.0	0.203	0.0	0.067	0.059	0.022	0.0	0.021	0.0	0.002	Source_3
1	L00688	iii	kkk	0.0	0.0	0.0	0.0	0.0	0.0	0.0	0.0	0.0	0.0	0.20659572927072928	0.0	0.0	0.0	0.0	0.0	0.5990631951381954	0.19334107559107555	0.0	0.0	0.0	0.0	0.0	0.001	0.0	0.0	0.0	0.0	0.0	0.0	Source_3
2	L00700	bbb	ggg	0.037	0.006833333333333333	0.052673015873015885	0.0	0.12716666666666668	0.004	0.009	0.5539623015873016	0.001	0.0	0.06	0.008	0.001	0.002	0.001	0.05339761904761905	0.001	0.003	0.0	0.003	0.0	0.029037698412698397	0.012	0.0	0.025929365079365073	0.009	0.0	0.0	0.0	0.0	Source_3
3	L00712	ccc	kkk	0.0	0.0	0.0	0.0	0.0	0.0	0.0	0.0	0.0	0.0	0.20659572927072928	0.0	0.0	0.0	0.0	0.0	0.5990631951381954	0.19334107559107555	0.0	0.0	0.0	0.0	0.0	0.001	0.0	0.0	0.0	0.0	0.0	0.0	Source_3
4	L00730	mmm	mmm	0.0	0.0	0.028	0.0	0.008	0.0	0.0	0.0	0.176	0.033	0.0	0.0	0.0	0.004	0.0	0.0	0.0	0.695	0.0	0.0	0.0	0.012	0.0	0.004	0.036	0.003	0.0	0.0	0.0	0.001	Source_3
5	L00756	jj	jj	0.0	0.0	0.0	0.0	0.0	0.0	0.0	0.0	0.0	0.0	0.0	0.0	0.0	1.0	0.0	0.0	0.0	0.0	0.0	0.0	0.0	0.0	0.0	0.0	0.0	0.0	0.0	0.0	0.0	0.0	Source_3
6	L00799	jj	jj	0.0	0.0	0.0	0.0	0.0	0.0	0.0	0.0	0.0	0.0	0.0	0.0	0.0	1.0	0.0	0.0	0.0	0.0	0.0	0.0	0.0	0.0	0.0	0.0	0.0	0.0	0.0	0.0	0.0	0.0	Source_3
7	L00854	iiii	xxxx	0.0	0.0	0.029	0.0	0.014	0.0	0.0	0.0	0.142	0.037	0.001	0.002	0.0	0.049	0.0	0.0	0.006	0.11	0.0	0.0	0.0	0.036	0.0	0.007	0.071	0.008	0.001	0.009	0.0	0.478	Source_3
8	L00879	jj	jj	0.0	0.0	0.007	0.0	0.0	0.0	0.0	0.0	0.002	0.0	0.0	0.0	0.0	0.6553392857142857	0.0003333333333333333	0.0	0.002	0.3303273809523807	0.0	0.0	0.0	0.0	0.0	0.003	0.0	0.0	0.0	0.0	0.0	0.0	Source_3
9	L00925	ooo	hhh	0.0	0.0	0.067	0.001	0.06861904761904762	0.0	0.0	0.0023809523809523807	0.494	0.051	0.0	0.001	0.0	0.007	0.0004	0.0	0.001	0.1406	0.0	0.0	0.0	0.027	0.0	0.016	0.116	0.003	0.0	0.001	0.0	0.003	Source_3
10	L00996	iii	mmm	0.0	0.0	0.092	0.0	0.001	0.0	0.0	0.009	0.006	0.0	0.0	0.009	0.0	0.04733333333333334	0.0	0.0	0.027	0.7986666666666666	0.0	0.0	0.0	0.0	0.003	0.006	0.0	0.001	0.0	0.0	0.0	0.0	Source_3
11	L00997	s	s	0.0	0.0	0.005	0.001	0.004	0.0	0.0	0.0	0.035	0.104	0.0	0.0	0.0	0.016	0.0	0.0	0.0	0.066	0.0	0.0	0.0	0.131	0.0	0.611	0.007	0.002	0.0	0.003	0.0	0.015	Source_3
12	L01029	kkk	kkk	0.0	0.0	0.0	0.0	0.0	0.0	0.0	0.0	0.0	0.0	0.20659572927072928	0.0	0.0	0.0	0.0	0.0	0.5990631951381954	0.19334107559107555	0.0	0.0	0.0	0.0	0.0	0.001	0.0	0.0	0.0	0.0	0.0	0.0	Source_3
13	L01186	v	v	0.0	0.0	0.0	0.004	0.03	0.0	0.02	0.0035	0.005	0.032	0.005	0.008	0.0	0.078	0.0	0.08	0.0013333333333333333	0.0026666666666666666	0.0	0.0	0.0	0.0005	0.112	0.0	0.001	0.002	0.613	0.0	0.0	0.002	Source_3
14	L01301	mmm	mmm	0.0	0.0	0.118	0.0	0.0	0.0	0.0	0.013	0.004	0.0	0.0	0.012	0.0	0.15833333333333333	0.0	0.0	0.03	0.6486666666666667	0.0	0.0	0.0	0.0	0.002	0.014	0.0	0.0	0.0	0.0	0.0	0.0	Source_3
15	L01393	bbbbb	rr	0.0	0.0	0.031	0.0	0.0	0.0	0.0	0.209	0.001	0.0	0.0	0.002	0.0	0.012	0.0	0.0	0.007	0.072	0.0	0.0	0.0	0.0	0.66	0.005	0.0	0.001	0.0	0.0	0.0	0.0	Source_3
16	L01502	hhh	hhh	0.0	0.0	0.0	0.0	0.0	0.0	0.0	0.0	0.995	0.001	0.0	0.0	0.0	0.0	0.0	0.0	0.0	0.003	0.0	0.0	0.0	0.001	0.0	0.0	0.0	0.0	0.0	0.0	0.0	0.0	Source_3
17	L00425	mmm	mmm	0.0	0.0	0.0	0.0	0.0	0.0	0.0	0.003	0.002	0.0	0.013292857142857141	0.0	0.007	0.003	0.3549427128427123	0.0	0.0	0.6157644300144299	0.0	0.0	0.0	0.0	0.0	0.0	0.001	0.0	0.0	0.0	0.0	0.0	Source_3
18	L00806	jj	ggg	0.0	0.11772142857142856	0.019133333333333332	0.0	0.17027857142857147	0.003	0.233	0.26175	0.001	0.0	0.001	0.164	0.0	0.004	0.0	0.01055	0.0	0.003	0.0	0.001	0.0	0.00125	0.002	0.002	0.003316666666666667	0.001	0.0	0.0	0.0	0.001	Source_3
19	L00886	jj	jj	0.0	0.0	0.0	0.17816823791104	0.0	0.0	0.0	0.0	0.0	0.0	0.0	0.0	0.0	0.8218317620889594	0.0	0.0	0.0	0.0	0.0	0.0	0.0	0.0	0.0	0.0	0.0	0.0	0.0	0.0	0.0	0.0	Source_3
20	L01002	wwww	nnnn	0.0	0.0	0.0	0.0	0.0	0.0	0.0	0.0	0.0	0.0	0.0	0.0	0.0	0.0	0.0	0.0	0.0	0.0	1.0	0.0	0.0	0.0	0.0	0.0	0.0	0.0	0.0	0.0	0.0	0.0	Source_3
21	L01225	mmm	kkk	0.0	0.0	0.056	0.001	0.0	0.0	0.0	0.001	0.013	0.013	0.0	0.0	0.072	0.004	0.0	0.0	0.626	0.065	0.0	0.0	0.0	0.001	0.0	0.001	0.132	0.007	0.003	0.001	0.001	0.003	Source_3
22	L01232	nnnn	nnnn	0.0	0.0	0.0	0.0	0.0	0.0	0.0	0.0	0.0	0.0	0.0	0.0	0.0	0.0	0.0	0.0	0.0	0.0	1.0	0.0	0.0	0.0	0.0	0.0	0.0	0.0	0.0	0.0	0.0	0.0	Source_3
23	L01501	ggg	tt	0.0	0.0	0.229	0.0	0.001	0.0	0.001	0.0	0.014	0.038	0.001	0.0	0.054	0.004	0.0	0.001	0.119	0.05	0.0	0.0	0.0	0.0	0.001	0.002	0.459	0.013	0.002	0.002	0.0	0.009	Source_3
24	L00384	dddd	uuuu	0.0	0.0	0.002	0.0	0.0	0.0	0.0	0.0	0.003	0.067	0.0	0.0	0.0	0.0	0.0	0.0	0.0	0.002	0.0	0.0	0.0	0.0	0.0	0.0	0.002	0.924	0.0	0.0	0.0	0.0	Source_3
25	L00530	jj	jj	0.0	0.0	0.0	0.001	0.002166666666666667	0.0	0.044	0.0008333333333333334	0.0	0.003	0.0	0.0	0.0	0.914	0.0	0.029	0.0	0.0	0.0	0.0	0.001	0.0	0.005	0.0	0.0	0.0	0.0	0.0	0.0	0.0	Source_3
26	L00745	ddd	ddd	0.012	0.001	0.001	0.0	0.936	0.0	0.0	0.0105	0.001	0.0	0.027	0.001	0.001	0.001	0.0	0.0	0.0	0.006	0.0	0.0	0.0	0.0005	0.001	0.0	0.0	0.001	0.0	0.0	0.0	0.0	Source_3
27	L01131	jjj	mmm	0.006	0.0013333333333333333	0.014833333333333334	0.001	0.017666666666666667	0.0	0.002	0.012714285714285713	0.0	0.0	0.209	0.001	0.0	0.002	0.0	0.0046	0.0	0.492	0.0	0.001	0.0	0.0002857142857142857	0.0	0.0	0.001566666666666667	0.233	0.0	0.0	0.0	0.0	Source_3
28	L01432	jj	jj	0.0	0.0	0.0	0.001	0.0	0.0	0.008	0.0	0.0	0.001	0.0	0.0	0.0	0.988	0.0	0.0	0.0	0.0	0.0	0.0	0.0	0.0	0.002	0.0	0.0	0.0	0.0	0.0	0.0	0.0	Source_3
29	L00309	dddd	kk	0.0	0.00075	0.0011428571428571427	0.0071333333333333335	0.014136904761904762	0.004	0.003	0.027713095238095238	0.008	0.001	0.012	0.02	0.004	0.3178666666666667	0.00225	0.5172380952380952	0.003883333333333333	0.01686666666666667	0.00455	0.003	0.002	0.0064	0.001	0.001	0.004619047619047619	0.009	0.001	0.0	0.00545	0.001	Source_3
30	L00499	x	x	0.0	0.0	0.0	0.0	0.0	0.0	0.0	0.0	0.0	0.0	0.0	0.006	0.0	0.0	0.0	0.0	0.0	0.001	0.2363445165945165	0.0	0.0	0.0	0.0	0.0	0.0	0.0	0.0	0.0	0.7566554834054825	0.0	Source_3
31	L01165	uuuu	uuuu	0.0	0.0	0.0	0.002	0.008142857142857143	0.001	0.0	0.0018571428571428571	0.002	0.0	0.002	0.002	0.0	0.016	0.0016666666666666666	0.0	0.0	0.007333333333333334	0.001	0.0	0.0006	0.002	0.0	0.0	0.0	0.9514	0.0	0.0	0.0	0.001	Source_3
32	L01729	hhh	hhh	0.0	0.0	0.0	0.0	0.0	0.0	0.0	0.0	0.995	0.001	0.0	0.0	0.0	0.0	0.0	0.0	0.0	0.003	0.0	0.0	0.0	0.001	0.0	0.0	0.0	0.0	0.0	0.0	0.0	0.0	Source_3
33	L01795	qq	qq	0.0	0.0	0.0	0.0	0.009	0.0	0.0	0.145	0.0	0.0	0.0	0.0	0.0	0.161	0.0	0.0	0.0	0.0	0.001	0.0	0.0	0.684	0.0	0.0	0.0	0.0	0.0	0.0	0.0	0.0	Source_3
34	L00683	iii	iii	0.0	0.0	0.0	0.0	0.0	0.0	0.0	0.0	0.09842444862480397	0.0	0.6038254729439215	0.0	0.0	0.0	0.0	0.0	0.0	0.29775007843127554	0.0	0.0	0.0	0.0	0.0	0.0	0.0	0.0	0.0	0.0	0.0	0.0	Source_3
35	L00894	ddd	jj	0.001	0.0	0.001	0.0002727272727272727	0.003	0.014	0.0	0.003	0.113	0.0	0.021416666666666664	0.0	0.0	0.43372727272727274	0.0	0.002	0.001	0.017583333333333333	0.005	0.0	0.0003333333333333333	0.0	0.292	0.0	0.0	0.09066666666666666	0.0	0.0	0.0	0.001	Source_3
36	L01396	rr	jj	0.001	0.0	0.005142857142857143	0.0	0.034	0.004	0.0	0.0045	0.031	0.002	0.0	0.069	0.004	0.656	0.0011666666666666665	0.02357142857142857	0.0028333333333333335	0.0	0.013	0.0	0.005	0.0015	0.142	0.0	0.0002857142857142857	0.0	0.0	0.0	0.0	0.0	Source_3
37	L00330	dddd	dddd	0.0	0.0	0.0	0.0	0.0	1.0	0.0	0.0	0.0	0.0	0.0	0.0	0.0	0.0	0.0	0.0	0.0	0.0	0.0	0.0	0.0	0.0	0.0	0.0	0.0	0.0	0.0	0.0	0.0	0.0	Source_3
38	L00495	gg	hhh	0.0	0.075	0.013	0.2	0.099	0.006	0.0	0.03213333333333333	0.476	0.0003333333333333333	0.0	0.001	0.007	0.002	0.05608333333333333	0.012	0.0009166666666666666	0.001	0.0	0.0	0.0006666666666666666	0.0008666666666666667	0.008	0.0	0.009	0.0	0.0	0.0	0.0	0.0	Source_3
39	L00777	jj	jj	0.0	0.0	0.0	0.009	0.0	0.0	0.0	0.0	0.0	0.0	0.0	0.0	0.0	0.991	0.0	0.0	0.0	0.0	0.0	0.0	0.0	0.0	0.0	0.0	0.0	0.0	0.0	0.0	0.0	0.0	Source_3
40	L01617	tt	rr	0.001	0.003333333333333333	0.04947380952380953	0.0	0.08183333333333334	0.009	0.006	0.04225000000000001	0.001	0.0	0.005	0.003	0.001	0.004	0.0	0.02322380952380952	0.0	0.0	0.001	0.001	0.0	0.3295833333333334	0.424	0.0	0.013302380952380953	0.0	0.001	0.0	0.0	0.0	Source_3
41	L01794	dddd	dddd	0.0	0.0	0.0	0.0	0.002	0.989	0.0	0.0	0.0	0.0	0.0	0.004	0.0	0.0	0.0	0.0	0.0	0.0	0.0	0.0	0.0	0.0	0.0	0.005	0.0	0.0	0.0	0.0	0.0	0.0	Source_3
42	L01615	hhhh	hhhh	0.0	0.0	0.0	0.0	0.0	0.0	0.0	0.0	0.0	0.6653490253989668	0.0	0.0	0.0	0.0	0.0	0.0	0.0	0.0	0.0	0.0	0.3346509746010335	0.0	0.0	0.0	0.0	0.0	0.0	0.0	0.0	0.0	Source_3
43	L01689	hhhh	hhhh	0.0	0.0	0.0	0.0	0.0	0.0	0.0	0.0	0.0	0.6653490253989668	0.0	0.0	0.0	0.0	0.0	0.0	0.0	0.0	0.0	0.0	0.3346509746010335	0.0	0.0	0.0	0.0	0.0	0.0	0.0	0.0	0.0	Source_3
44	L01833	ccc	ccc	0.0	0.016	0.002	0.943	0.008	0.001	0.0	0.005	0.015	0.001	0.0	0.0	0.003	0.0	0.004	0.0	0.0	0.001	0.001	0.0	0.0	0.0	0.0	0.0	0.0	0.0	0.0	0.0	0.0	0.0	Source_3
45	L01075	ggg	jj	0.0	0.002	0.008660714285714285	0.04206666666666667	0.07368483460983458	0.018	0.011	0.17595683205683202	0.08	0.007	0.035	0.055	0.008	0.2849333333333333	0.0065	0.025946428571428568	0.006266666666666667	0.027233333333333335	0.01633888888888889	0.003	0.003116666666666667	0.015358333333333335	0.011	0.005	0.005392857142857142	0.022883333333333332	0.012	0.0	0.010661111111111109	0.028	Source_3
46	L01187	kk	ggg	0.0	0.0	0.0685	0.0	0.137	0.0	0.008	0.6300571428571429	0.001	0.0	0.007	0.0	0.0	0.0	0.0	0.12341666666666667	0.001	0.002	0.0	0.001	0.0	0.005942857142857142	0.007	0.002	0.006083333333333333	0.0	0.0	0.0	0.0	0.0	Source_3
47	L01434	ggg	ggg	0.009	0.002666666666666667	0.01276904761904762	0.001	0.023333333333333334	0.0	0.004	0.8834075396825398	0.001	0.0	0.018	0.002	0.003	0.0	0.001	0.008995238095238098	0.0	0.003	0.0005833333333333333	0.003	0.0	0.009592460317460319	0.007	0.001	0.0022357142857142858	0.002	0.0	0.0	0.0014166666666666666	0.0	Source_3
0	L00417	ggg	jj	0.0	0.0	0.0	0.0	0.06	0.0	0.0	0.0	0.0	0.0	0.0	0.0	0.0	0.665	0.0	0.0	0.0	0.0	0.002	0.0	0.0	0.273	0.0	0.0	0.0	0.0	0.0	0.0	0.0	0.0	Source_3
1	L00678	jj	jj	0.0	0.0	0.006	0.0	0.0	0.0	0.0	0.06	0.022	0.085	0.0	0.022	0.0	0.623	0.0	0.001	0.00025	0.02975	0.0003333333333333333	0.002	0.0	0.087	0.0	0.034	0.02	0.0	0.0	0.002	0.0006666666666666666	0.005	Source_3
2	L00772	gg	gg	0.0	0.003283333333333334	0.004	0.0	0.11871666666666666	0.001	0.687	0.007	0.0	0.0	0.0	0.035	0.0	0.004	0.001	0.011	0.0	0.0	0.0	0.0	0.0	0.0	0.0	0.128	0.0	0.0	0.0	0.0	0.0	0.0	Source_3
3	L00902	ooo	ooo	0.0	0.0	0.0	0.0	0.0	0.0	0.0	0.001	0.001	0.0	0.0014333333333333331	0.0	0.0	0.031	0.0	0.0	0.001	0.022566666666666665	0.0	0.939	0.0	0.0	0.0	0.003	0.0	0.0	0.0	0.0	0.0	0.0	Source_3
4	L01009	ggg	jj	0.0	0.0	0.0	0.001	0.04507692307692308	0.0	0.003	0.0009230769230769232	0.0	0.0	0.001	0.001	0.0	0.624	0.0	0.0	0.0	0.003	0.002	0.0	0.0	0.316	0.002	0.0	0.0	0.0	0.001	0.0	0.0	0.0	Source_3
5	L01120	tt	tt	0.0	0.0	0.013	0.0	0.068	0.0	0.0	0.016	0.063	0.127	0.0	0.011	0.004	0.011	0.0	0.0	0.0	0.033	0.0	0.009	0.0	0.008	0.0	0.002	0.628	0.006	0.0	0.0	0.0	0.001	Source_3
6	L01168	bbbbb	mmm	0.0	0.0	0.0033333333333333335	0.0	0.0	0.0	0.0	0.03	0.016	0.0	0.0401	0.025	0.0	0.157	0.0	0.0	0.065	0.6059	0.001	0.002	0.0	0.0	0.0036666666666666666	0.051	0.0	0.0	0.0	0.0	0.0	0.0	Source_3
7	L01204	s	s	0.0	0.0	0.00025	0.0	0.0	0.001	0.0	0.006	0.005	0.0	0.007166666666666666	0.089	0.0	0.029	0.0	0.0015	0.008	0.08883333333333335	0.0	0.0	0.0	0.0	0.0	0.764	0.00025	0.0	0.0	0.0	0.0	0.0	Source_3
8	L01216	jj	jj	0.0	0.0	0.0	0.0	0.014	0.0	0.0	0.0	0.001	0.0	0.0	0.0	0.0	0.956	0.0	0.0	0.0	0.0	0.001	0.0	0.0	0.028	0.0	0.0	0.0	0.0	0.0	0.0	0.0	0.0	Source_3
9	L01419	kk	jj	0.0	0.001	0.001	0.0	0.045611111111111116	0.001	0.109	0.0033888888888888888	0.001	0.072	0.001	0.001	0.0	0.2876666666666666	0.0	0.001	0.0	0.0013333333333333333	0.002	0.0	0.0	0.0	0.225	0.0	0.0	0.008	0.239	0.0	0.0	0.0	Source_3
10	L01517	dddd	jj	0.003	0.016366666666666668	0.03515674603174602	0.0	0.12763333333333332	0.0	0.008	0.0495	0.009	0.0	0.015516666666666666	0.01	0.001	0.344	0.0019	0.030776587301587298	0.024	0.21058333333333334	0.0	0.004	0.0	0.0235	0.0006666666666666666	0.041	0.042400000000000014	0.001	0.0	0.0	0.0	0.001	Source_3
11	L01587	rr	tt	0.001	0.013666666666666666	0.03620079365079364	0.0	0.15033333333333332	0.0	0.001	0.046	0.001	0.0	0.001	0.002	0.002	0.008	0.0	0.03277261904761905	0.0	0.001	0.0	0.001	0.0	0.332	0.0	0.0	0.36802658730158727	0.0	0.0	0.001	0.001	0.001	Source_3
12	L01245	iiii	hhh	0.001	0.00125	0.0056	0.003	0.00775	0.003	0.003	0.01	0.43	0.003	0.003	0.012	0.003	0.081	0.001	0.0012	0.0	0.012	0.004916666666666667	0.002	0.0006666666666666666	0.389	0.001	0.001	0.004200000000000001	0.005333333333333333	0.001	0.0	0.005083333333333333	0.005	Source_3
13	L00301	v	v	0.0	0.0	0.001	0.0	0.0	0.0	0.0	0.0	0.001	0.016	0.0	0.0	0.0	0.0	0.0	0.0	0.0	0.028	0.0	0.0	0.0	0.0	0.0	0.0	0.0	0.005	0.944	0.004	0.0	0.001	Source_3
14	L00460	j	j	0.0	0.0	0.018	0.0	0.0	0.0	0.0	0.011	0.005	0.012	0.0	0.0	0.842	0.0	0.0	0.0	0.0	0.075	0.0	0.001	0.0006666666666666666	0.002	0.0	0.0	0.032	0.0003333333333333333	0.001	0.0	0.0	0.0	Source_3
15	L00486	mmm	mmm	0.0	0.0	0.0	0.0	0.0	0.0	0.0	0.001	0.002	0.0	0.016649999999999998	0.0	0.002	0.004	0.32690032467532393	0.0	0.0	0.6444496753246746	0.0	0.003	0.0	0.0	0.0	0.0	0.0	0.0	0.0	0.0	0.0	0.0	Source_3
16	L00615	wwww	wwww	0.0	0.0	0.0	0.0	0.0	0.0	0.0	0.001	0.001	0.008	0.0	0.001	0.0	0.0	0.0	0.0	0.0	0.007	0.0	0.0	0.0	0.0	0.0	0.0	0.0	0.001	0.0	0.978	0.0	0.003	Source_3
17	L00773	mmm	mmm	0.0	0.0	0.024	0.0	0.005	0.0	0.0	0.021	0.184	0.018	0.0	0.008	0.001	0.009	0.0006666666666666666	0.0	0.0	0.6713333333333332	0.0	0.016	0.0	0.01	0.0	0.002	0.027	0.002	0.001	0.0	0.0	0.0	Source_3
18	L00917	kkk	mmm	0.0	0.0	0.047	0.0	0.0	0.0	0.0	0.044	0.014	0.014	0.0	0.003	0.081	0.003	0.0	0.0	0.0	0.697	0.0	0.0	0.0006666666666666666	0.001	0.0	0.0	0.088	0.002333333333333333	0.001	0.001	0.0	0.003	Source_3
19	L00923	jj	jj	0.0	0.0	0.0	0.20343555062498583	0.0	0.0	0.0	0.0	0.0	0.0	0.0	0.0	0.0	0.7965644493750151	0.0	0.0	0.0	0.0	0.0	0.0	0.0	0.0	0.0	0.0	0.0	0.0	0.0	0.0	0.0	0.0	Source_3
20	L00960	ggg	jj	0.001	0.010666666666666666	0.03387103174603173	0.0	0.14833333333333334	0.001	0.004	0.06016666666666667	0.008	0.0	0.019850000000000003	0.012	0.004	0.341	0.005900000000000001	0.02860039682539682	0.025	0.20325	0.0	0.006	0.0	0.020833333333333336	0.0016666666666666666	0.014	0.04786190476190477	0.002	0.0	0.0	0.0	0.001	Source_3
21	L01197	jj	jj	0.0	0.0	0.001	0.012	0.0026	0.003	0.002	0.0064	0.031	0.0	0.002	0.004	0.002	0.882	0.0025	0.001	0.0	0.0095	0.003	0.001	0.001	0.023	0.001	0.0	0.001	0.006	0.002	0.001	0.0	0.0	Source_3
22	L01221	hhhh	hhhh	0.0	0.0	0.001	0.0	0.0	0.014	0.0	0.002	0.001	0.629	0.0	0.0	0.0	0.0	0.0	0.0	0.0	0.001	0.0	0.001	0.0	0.001	0.0	0.0	0.0	0.35	0.0	0.0	0.0	0.0	Source_3
23	L01730	mmm	mmm	0.0	0.0	0.001	0.0	0.0	0.0	0.0	0.011	0.098	0.0	0.009916666666666667	0.011	0.001	0.096	0.0	0.0	0.019	0.7350833333333333	0.0	0.001	0.0	0.001	0.001	0.015	0.0	0.0	0.0	0.0	0.0	0.0	Source_3
24	L00410	jj	jj	0.0	0.0	0.0	0.20343555062498583	0.0	0.0	0.0	0.0	0.0	0.0	0.0	0.0	0.0	0.7965644493750151	0.0	0.0	0.0	0.0	0.0	0.0	0.0	0.0	0.0	0.0	0.0	0.0	0.0	0.0	0.0	0.0	Source_3
25	L00802	ddd	ddd	0.004	0.0	0.0	0.0	0.986	0.0	0.0	0.003	0.0	0.0	0.004	0.0	0.0	0.0	0.003	0.0	0.0	0.0	0.0	0.0	0.0	0.0	0.0	0.0	0.0	0.0	0.0	0.0	0.0	0.0	Source_3
26	L00933	jjj	jjj	0.0	0.0	0.0	0.0	0.0	0.0	0.0	0.0	0.0	0.0	0.4247047619047618	0.0	0.0	0.0	0.5122309523809522	0.0	0.0	0.06306428571428571	0.0	0.0	0.0	0.0	0.0	0.0	0.0	0.0	0.0	0.0	0.0	0.0	Source_3
27	L01032	dddd	dddd	0.0	0.0	0.0	0.0	0.0	0.962	0.0	0.0	0.0	0.0	0.0	0.0	0.0	0.018	0.0	0.0	0.0	0.0	0.0	0.0	0.0	0.0	0.009	0.0	0.0	0.011	0.0	0.0	0.0	0.0	Source_3
28	L01716	qq	jj	0.0	0.0	0.0	0.0	0.087	0.002	0.0	0.002	0.0	0.0	0.0	0.0	0.0	0.713	0.0	0.001	0.0	0.001	0.002	0.001	0.0	0.191	0.0	0.0	0.0	0.0	0.0	0.0	0.0	0.0	Source_3
29	L01771	gg	gg	0.0	0.001	0.024	0.0	0.089	0.0	0.718	0.008	0.0	0.0	0.002	0.024	0.0	0.002	0.0	0.008	0.0	0.001	0.0	0.004	0.0	0.002	0.0	0.115	0.002	0.0	0.0	0.0	0.0	0.0	Source_3
30	L01014	x	x	0.0	0.0	0.0	0.0	0.0	0.0	0.0	0.0	0.0	0.0	0.0	0.009	0.0	0.0	0.0	0.0	0.0	0.0	0.23597312409812393	0.0	0.0	0.0	0.0	0.0	0.0	0.0	0.0	0.0	0.7550268759018754	0.0	Source_3
31	L01728	jj	jj	0.0	0.0	0.0	0.003	0.0	0.0	0.0	0.0	0.0	0.008	0.0	0.0	0.002	0.978	0.0	0.0	0.0	0.003	0.0	0.0	0.006	0.0	0.0	0.0	0.0	0.0	0.0	0.0	0.0	0.0	Source_3
32	L00453	iii	iii	0.0	0.0	0.0	0.0	0.0	0.0	0.0	0.0	0.09833899121174698	0.0	0.609397148250786	0.0	0.0	0.0	0.0	0.0	0.0	0.29226386053746756	0.0	0.0	0.0	0.0	0.0	0.0	0.0	0.0	0.0	0.0	0.0	0.0	Source_3
33	L00682	iii	iii	0.0	0.0	0.0	0.0	0.0	0.0	0.0	0.0	0.09894613406888984	0.0	0.6079328625365003	0.0	0.0	0.0	0.0	0.0	0.0	0.2931210033946104	0.0	0.0	0.0	0.0	0.0	0.0	0.0	0.0	0.0	0.0	0.0	0.0	Source_3
34	L00878	hhh	rr	0.0	0.0	0.001	0.0	0.1185	0.017	0.0	0.0065	0.0006085470085470085	0.0	0.024411538461538467	0.001	0.003	0.266	0.0	0.001	0.00025	0.029729914529914536	0.004	0.002	0.0	0.001	0.389	0.0	0.0	0.134	0.0	0.0	0.0	0.001	Source_3
35	L00891	jj	jj	0.001	0.001	0.018	0.026	0.02768253968253968	0.015	0.013	0.04331746031746032	0.063	0.008	0.022	0.019	0.005	0.488	0.004	0.008	0.0031666666666666666	0.04783333333333333	0.017722222222222223	0.007	0.0011333333333333332	0.079	0.003	0.005	0.012	0.03386666666666667	0.008	0.003	0.004277777777777778	0.013	Source_3
36	L01205	uuuu	uuuu	0.0	0.0	0.0	0.0	0.001	0.0	0.0	0.001	0.0	0.0	0.065	0.0	0.0	0.044	0.0	0.0	0.0	0.002	0.0	0.0	0.4103119047619047	0.0	0.0	0.0	0.0	0.4766880952380953	0.0	0.0	0.0	0.0	Source_3
37	L01054	ddd	nnnn	0.001	0.0	0.014	0.0	0.024	0.006	0.0	0.008	0.165	0.09312380952380954	0.001	0.062	0.005	0.051	0.06972857142857143	0.089	0.061271428571428574	0.018	0.203	0.0	0.09387619047619046	0.0	0.035	0.0	0.0	0.0	0.0	0.0	0.0	0.0	Source_3
38	L00480	mmm	mmm	0.0	0.0	0.007533333333333334	0.012222222222222221	0.016916666666666663	0.011	0.003	0.018833333333333334	0.012	0.001	0.026	0.008	0.005	0.10227777777777777	0.0031666666666666666	0.012466666666666668	0.004083333333333333	0.66925	0.008166666666666666	0.002	0.002583333333333333	0.01425	0.007	0.001	0.003	0.02741666666666667	0.007	0.0	0.004833333333333333	0.01	Source_3
39	L00870	jj	jj	0.0	0.0	0.001	0.101	0.0004	0.0	0.0	0.0006	0.003	0.0	0.0	0.0	0.0	0.878	0.0	0.001	0.0	0.006	0.001	0.0	0.0	0.002	0.0	0.002	0.002	0.001	0.0	0.001	0.0	0.0	Source_3
40	L00710	ccc	mmm	0.0	0.0	0.011	0.012222222222222221	0.02036666666666667	0.013	0.003	0.027383333333333332	0.014	0.002	0.026	0.009	0.003	0.10652777777777778	0.0021666666666666666	0.014	0.004083333333333333	0.643	0.008166666666666666	0.002	0.002583333333333333	0.01525	0.007	0.002	0.003	0.025416666666666667	0.008	0.0	0.004833333333333333	0.011	Source_3
41	L00386	dddd	dddd	0.0	0.0	0.0	0.0	0.001	0.998	0.0	0.0	0.0	0.0	0.0	0.001	0.0	0.0	0.0	0.0	0.0	0.0	0.0	0.0	0.0	0.0	0.0	0.0	0.0	0.0	0.0	0.0	0.0	0.0	Source_3
42	L00399	dddd	dddd	0.0	0.0	0.0	0.0	0.001	0.992	0.0	0.0	0.0	0.0	0.0	0.001	0.0	0.0	0.0	0.0	0.00265	0.00335	0.0	0.0	0.0	0.0	0.0	0.0	0.0	0.0	0.0	0.0	0.0	0.0	Source_3
43	L00796	nnnn	nnnn	0.001	0.0005	0.0	0.0	0.0505	0.011	0.0	0.004	0.002	0.0	0.227	0.007	0.0	0.009	0.0	0.001	0.010150000000000001	0.01185	0.65	0.0	0.0	0.0	0.0	0.011	0.0	0.004	0.0	0.0	0.0	0.0	Source_3
44	L00929	bbb	bbb	0.0	1.0	0.0	0.0	0.0	0.0	0.0	0.0	0.0	0.0	0.0	0.0	0.0	0.0	0.0	0.0	0.0	0.0	0.0	0.0	0.0	0.0	0.0	0.0	0.0	0.0	0.0	0.0	0.0	0.0	Source_3
45	L00653	iii	iii	0.0	0.0	0.0	0.0	0.0	0.0	0.0	0.0	0.09894613406888984	0.0	0.6079328625365003	0.0	0.0	0.0	0.0	0.0	0.0	0.2931210033946104	0.0	0.0	0.0	0.0	0.0	0.0	0.0	0.0	0.0	0.0	0.0	0.0	Source_3
46	L01688	hhhh	hhhh	0.0	0.0	0.0	0.0	0.0	0.0	0.0	0.0	0.0	0.688763974041357	0.0	0.0	0.0	0.0	0.0	0.0	0.0	0.0	0.0	0.0	0.3112360259586443	0.0	0.0	0.0	0.0	0.0	0.0	0.0	0.0	0.0	Source_3
47	L01796	hhh	aaaa	0.423	0.0	0.011	0.003	0.003	0.038	0.002	0.008	0.151	0.003	0.024	0.003	0.017	0.002	0.004916666666666666	0.002	0.0010833333333333333	0.005	0.001	0.0	0.0029999999999999996	0.001	0.287	0.0	0.006	0.001	0.0	0.0	0.0	0.0	Source_3
0	L00452	ggg	ggg	0.017	0.05283333333333333	0.009933333333333334	0.0	0.017166666666666663	0.0	0.006	0.8451666666666666	0.001	0.0	0.004	0.001	0.001	0.006	0.002	0.0051333333333333335	0.0	0.002	0.0	0.003	0.0	0.003833333333333333	0.007	0.0	0.015933333333333334	0.0	0.0	0.0	0.0	0.0	Source_3
1	L00481	iii	aaaa	0.551	0.05383333333333334	0.010345238095238095	0.0	0.16416666666666668	0.003	0.005	0.09401666666666667	0.002	0.0	0.008	0.002	0.0	0.005	0.015	0.013535714285714286	0.0	0.031	0.0	0.001	0.0	0.009983333333333332	0.003	0.0	0.021119047619047617	0.007	0.0	0.0	0.0	0.0	Source_3
2	L00754	mmm	mmm	0.0	0.0	0.03	0.007271332833832831	0.0	0.0	0.0	0.002	0.0	0.0	0.05917044899544901	0.001	0.0	0.015	0.0	0.0	0.04248444749694748	0.8390737706737703	0.0	0.0	0.0	0.0	0.0	0.004	0.0	0.0	0.0	0.0	0.0	0.0	Source_3
3	L00855	mmm	mmm	0.0	0.0	0.03	0.007271332833832831	0.0	0.0	0.0	0.002	0.0	0.0	0.05917044899544901	0.001	0.0	0.015	0.0	0.0	0.04248444749694748	0.8390737706737703	0.0	0.0	0.0	0.0	0.0	0.004	0.0	0.0	0.0	0.0	0.0	0.0	Source_3
4	L00918	jj	ggg	0.0	0.0	0.0	0.001	0.012	0.003	0.0	0.645	0.0	0.0	0.001	0.001	0.0	0.062	0.0	0.001	0.0	0.004	0.0	0.0	0.0	0.269	0.0	0.0	0.0	0.001	0.0	0.0	0.0	0.0	Source_3
5	L01182	v	v	0.0	0.0	0.0	0.0011111111111111111	0.003	0.001	0.0	0.003	0.001	0.071	0.001	0.001	0.001	0.11388888888888889	0.0	0.098	0.0	0.005	0.001	0.0	0.0	0.0	0.138	0.0	0.001	0.001	0.555	0.0	0.003	0.001	Source_3
6	L01286	jj	jj	0.0	0.0	0.0	0.0012307692307692308	0.0	0.0	0.0	0.001	0.0	0.011	0.0	0.001	0.002	0.9627692307692307	0.0	0.0	0.0	0.008	0.0	0.0	0.013	0.0	0.0	0.0	0.0	0.0	0.0	0.0	0.0	0.0	Source_3
7	L01611	ooo	ooo	0.0	0.0	0.008	0.0	0.0	0.0	0.0	0.0	0.002	0.0	0.0015	0.0	0.0	0.025	0.0	0.0	0.002375	0.012125	0.0	0.948	0.0	0.0	0.0	0.001	0.0	0.0	0.0	0.0	0.0	0.0	Source_3
8	L00376	jj	jj	0.0	0.0	0.0	0.0	0.0	0.0	0.0	0.0	0.0	0.0	0.0	0.0	0.0	1.0	0.0	0.0	0.0	0.0	0.0	0.0	0.0	0.0	0.0	0.0	0.0	0.0	0.0	0.0	0.0	0.0	Source_3
9	L00651	j	j	0.0	0.0	0.008	0.0	0.0	0.0	0.0	0.012	0.002	0.008	0.001	0.001	0.843	0.001	0.0	0.0	0.033358333333333344	0.05264166666666667	0.0	0.0	0.0	0.0	0.0	0.0	0.037	0.0	0.0	0.001	0.0	0.0	Source_3
10	L00691	hhh	mmm	0.0	0.0	0.012	0.0	0.001	0.0	0.001	0.012	0.001	0.134	0.017	0.001	0.012	0.001	0.016	0.0	0.028216666666666668	0.6427833333333333	0.003099206349206349	0.001	0.0	0.002	0.0	0.001	0.029	0.0	0.004	0.02790079365079365	0.0	0.053	Source_3
11	L00748	uuuu	hhhh	0.0	0.0	0.002	0.001	0.0002	0.0	0.0	0.0028	0.002	0.568	0.003	0.001	0.01	0.001	0.084	0.0	0.001	0.246	0.001	0.0	0.0	0.001	0.0	0.0	0.011	0.0	0.004	0.028	0.0	0.033	Source_3
12	L00818	mmm	mmm	0.0	0.0	0.0	0.0	0.0	0.0	0.0	0.004	0.003	0.0	0.010899999999999998	0.0	0.003	0.001	0.3529908730158728	0.0	0.0	0.6221091269841266	0.0	0.003	0.0	0.0	0.0	0.0	0.0	0.0	0.0	0.0	0.0	0.0	Source_3
13	L00872	gg	gg	0.0	0.0	0.001	0.001	0.0	0.0	0.958	0.0	0.001	0.0	0.0	0.002	0.0	0.016	0.0	0.0	0.0	0.002	0.0	0.0	0.0	0.004	0.0	0.0	0.009	0.0	0.001	0.0	0.001	0.004	Source_3
14	L01080	wwww	wwww	0.0	0.0	0.0	0.0	0.001	0.0	0.0	0.001	0.0	0.001	0.0	0.0	0.0	0.001	0.0	0.0	0.0	0.009	0.0	0.0	0.0	0.0	0.0	0.0	0.002	0.0	0.0	0.98	0.0	0.005	Source_3
15	L01123	gg	jj	0.0	0.0	0.0	0.0	0.0	0.0	0.0	0.002	0.0	0.115	0.0	0.0	0.0	0.707	0.0	0.03	0.0	0.0	0.0	0.0	0.0	0.001	0.13	0.0	0.0	0.002	0.013	0.0	0.0	0.0	Source_3
16	L01363	iiii	iiii	0.0	0.003444444444444445	0.002	0.0	0.0025555555555555553	0.0	0.007	0.0128	0.0	0.0	0.0	0.961	0.0	0.008	0.0	0.0005	0.0	0.0	0.0	0.0	0.0	0.0012	0.0	0.0	0.0015	0.0	0.0	0.0	0.0	0.0	Source_3
17	L00443	iii	iii	0.0	0.0	0.0	0.0	0.0	0.0	0.0	0.01	0.0	0.012	0.859	0.0	0.0	0.002	0.001	0.0	0.0	0.111	0.0	0.0	0.0	0.001	0.0	0.0	0.0	0.001	0.0	0.002	0.0	0.001	Source_3
18	L00634	rr	jj	0.0	0.0	0.0	0.002	0.177	0.011	0.0	0.002	0.26025	0.0	0.019133333333333332	0.002	0.0	0.342	0.0	0.001	0.001	0.037616666666666666	0.0	0.001	0.0003333333333333333	0.0	0.001	0.001	0.001	0.1396666666666667	0.0	0.0	0.001	0.0	Source_3
19	L00884	jj	jj	0.0	0.0	0.0	0.16889177143749623	0.0	0.0	0.0	0.0	0.001	0.0	0.001	0.0	0.0	0.8281082285625049	0.0	0.0	0.0	0.0	0.0	0.0	0.0005	0.0	0.0	0.0	0.0	0.0005	0.0	0.0	0.0	0.0	Source_3
20	L01052	dddd	dddd	0.0	0.0	0.0	0.0	0.0	1.0	0.0	0.0	0.0	0.0	0.0	0.0	0.0	0.0	0.0	0.0	0.0	0.0	0.0	0.0	0.0	0.0	0.0	0.0	0.0	0.0	0.0	0.0	0.0	0.0	Source_3
21	L00950	dddd	dddd	0.0	0.0	0.0	0.0	0.0	1.0	0.0	0.0	0.0	0.0	0.0	0.0	0.0	0.0	0.0	0.0	0.0	0.0	0.0	0.0	0.0	0.0	0.0	0.0	0.0	0.0	0.0	0.0	0.0	0.0	Source_3
22	L01244	mmm	mmm	0.0	0.0	0.0	0.0	0.0	0.0	0.0	0.002	0.03768950795506526	0.0	0.22286913922850435	0.0	0.0	0.0	0.0	0.0	0.0	0.73644135281643	0.0	0.001	0.0	0.0	0.0	0.0	0.0	0.0	0.0	0.0	0.0	0.0	Source_3
23	L01623	jj	jj	0.0	0.0	0.0	0.0	0.0	0.0	0.0	0.0	0.0	0.0	0.0	0.0	0.0	1.0	0.0	0.0	0.0	0.0	0.0	0.0	0.0	0.0	0.0	0.0	0.0	0.0	0.0	0.0	0.0	0.0	Source_3
24	L01011	nnnn	x	0.0	0.0	0.0	0.0	0.001	0.0	0.0	0.002	0.0	0.0	0.0	0.022	0.0	0.0	0.0	0.0	0.0	0.0	0.0	0.0	0.0	0.0	0.0	0.0	0.0	0.0	0.0	0.0	0.975	0.0	Source_3
25	L01013	x	x	0.0	0.0	0.0	0.0005277777777777778	0.0	0.0	0.0	0.002	0.0	0.0	0.0	0.097	0.0	0.004472222222222222	0.0	0.0	0.0	0.0	0.0	0.0	0.0	0.0	0.0	0.0	0.0	0.0	0.0	0.0	0.896	0.0	Source_3
26	L01722	ddd	hhhh	0.0	0.0	0.0	0.0011875	0.001	0.0	0.001	0.0	0.002	0.441	0.0	0.0	0.0	0.3578125	0.0	0.037	0.001	0.001	0.002	0.0	0.0	0.0	0.124	0.0	0.0	0.0	0.031	0.0	0.0	0.0	Source_3
27	L00896	jjj	kkk	0.0	0.0	0.0	0.0	0.049	0.003	0.0	0.001	0.009	0.0070999999999999995	0.001	0.0	0.004	0.004	0.0	0.0	0.626	0.259	0.021	0.0	0.007899999999999999	0.0	0.008	0.0	0.0	0.0	0.0	0.0	0.0	0.0	Source_3
28	L00955	jj	jj	0.0	0.0	0.0	0.0	0.07150649350649352	0.007	0.0	0.006393506493506494	0.025	0.0	0.002076190476190476	0.001	0.0	0.842	0.001	0.001	0.001	0.008923809523809525	0.0	0.0	0.0	0.0001	0.001	0.0	0.0	0.031	0.0	0.0	0.001	0.0	Source_3
29	L01268	iiii	jj	0.003	0.0	0.0	0.0	0.322	0.003	0.0	0.0008333333333333333	0.003	0.01525	0.0	0.0	0.002	0.359	0.001	0.115	0.006	0.004	0.062	0.0	0.01175	0.0011666666666666665	0.09	0.0	0.001	0.0	0.0	0.0	0.0	0.0	Source_3
30	L01586	uuuu	uuuu	0.0	0.0	0.0	0.0	0.0	0.0	0.001	0.0	0.001	0.0	0.076	0.0	0.0	0.061	0.0	0.0	0.0	0.0	0.0	0.0	0.4303154761904763	0.0	0.0	0.0	0.0	0.4306845238095237	0.0	0.0	0.0	0.0	Source_3
31	L01778	jj	jj	0.0	0.0	0.0	0.0	0.011	0.001	0.0	0.03	0.0	0.0	0.0	0.0	0.0	0.93	0.0	0.0	0.0	0.0	0.0	0.0	0.0	0.027	0.001	0.0	0.0	0.0	0.0	0.0	0.0	0.0	Source_3
32	L00621	iii	iii	0.0	0.0	0.0	0.0	0.0	0.0	0.0	0.0	0.09726758126204763	0.0	0.5963488300528159	0.0	0.0	0.0	0.0	0.0	0.0	0.30638358868513665	0.0	0.0	0.0	0.0	0.0	0.0	0.0	0.0	0.0	0.0	0.0	0.0	Source_3
33	L00778	ggg	rr	0.003	0.002	0.034	0.007	0.017	0.013	0.002	0.1923166666666667	0.029	0.009143162393162393	0.008	0.001	0.012	0.008	0.007	0.019	0.006	0.0	0.007	0.0	0.004856837606837606	0.06368333333333333	0.545	0.0	0.01	0.0	0.0	0.0	0.0	0.0	Source_3
34	L01140	ggg	qq	0.001	0.0	0.002	0.0	0.002	0.003	0.0	0.4235249999999999	0.001	0.0	0.001	0.0	0.002	0.001	0.0	0.051	0.0	0.001	0.0	0.0	0.0	0.43347500000000017	0.005	0.0	0.072	0.0	0.0	0.0	0.0	0.001	Source_3
35	L01486	bbbbb	bbbbb	0.013	0.002	0.15	0.009	0.024	0.055	0.015	0.13425	0.108	0.003966666666666667	0.013	0.001	0.053	0.038	0.04	0.148	0.016666666666666663	0.012333333333333332	0.012	0.0	0.002033333333333333	0.026749999999999996	0.118	0.001	0.003	0.0	0.0	0.0	0.0	0.001	Source_3
36	L00895	dddd	dddd	0.0	0.0	0.0	0.0	0.011	0.95	0.0	0.0	0.001	0.0	0.0	0.02	0.0	0.0	0.001	0.0	0.0005	0.0005	0.0	0.0	0.0	0.0	0.0	0.016	0.0	0.0	0.0	0.0	0.0	0.0	Source_3
37	L00938	s	s	0.0	0.001	0.0	0.0	0.077	0.093	0.0	0.004	0.001	0.003	0.01	0.228	0.001	0.002	0.0	0.0	0.06582500000000001	0.064175	0.017	0.0	0.0	0.001	0.0	0.427	0.002	0.001	0.0	0.0	0.001	0.001	Source_3
38	L01078	bbb	bbb	0.0	1.0	0.0	0.0	0.0	0.0	0.0	0.0	0.0	0.0	0.0	0.0	0.0	0.0	0.0	0.0	0.0	0.0	0.0	0.0	0.0	0.0	0.0	0.0	0.0	0.0	0.0	0.0	0.0	0.0	Source_3
39	L01413	dddd	dddd	0.0	0.0	0.00016666666666666666	0.0	0.011	0.941	0.0	0.001	0.003	0.0	0.001	0.02	0.0	0.0	0.001	0.0008333333333333334	0.0005	0.0005	0.002	0.001	0.0	0.0	0.0	0.016	0.0	0.001	0.0	0.0	0.0	0.0	Source_3
40	L01146	hhh	aaaa	0.463	0.0	0.011	0.0	0.005	0.014	0.002	0.002	0.118	0.005647130647130648	0.025	0.0	0.011	0.0	0.001	0.001	0.0	0.003	0.001	0.0	0.002352869352869353	0.002	0.33	0.0	0.003	0.0	0.0	0.0	0.0	0.0	Source_3
41	L01155	hhhh	hhhh	0.0	0.0	0.015	0.0	0.023	0.0	0.0	0.008	0.04	0.852	0.0	0.001	0.0	0.0	0.0	0.0	0.0	0.029	0.0007142857142857143	0.007	0.0	0.001	0.0	0.0	0.02	0.002	0.001	0.0002857142857142857	0.0	0.0	Source_3
42	L01803	ddd	ddd	0.0	0.0005	0.001	0.002	0.2995	0.064	0.001	0.006	0.003	0.002	0.019	0.172	0.0	0.01	0.0	0.001	0.11991666666666669	0.1100833333333333	0.037	0.0	0.0	0.0	0.001	0.144	0.002	0.003	0.0	0.0	0.0	0.002	Source_3
43	L01630	hhhh	hhhh	0.0	0.0	0.0	0.0	0.0	0.0	0.0	0.0	0.0	0.6874949883801011	0.0	0.0	0.0	0.0	0.0	0.0	0.0	0.0	0.0	0.0	0.3125050116198997	0.0	0.0	0.0	0.0	0.0	0.0	0.0	0.0	0.0	Source_3
44	L01616	ccc	ccc	0.0	0.021	0.0	0.902	0.023	0.002	0.018	0.006	0.024	0.0	0.0	0.0	0.0	0.0	0.003	0.001	0.0	0.0	0.0	0.0	0.0	0.0	0.0	0.0	0.0	0.0	0.0	0.0	0.0	0.0	Source_3
45	L00372	kk	jj	0.0	0.0	0.0	0.04127884615384615	0.003428571428571429	0.002	0.0	0.004571428571428571	0.002	0.135	0.003	0.002	0.063	0.3757211538461538	0.0	0.002	0.0003333333333333333	0.056666666666666664	0.001	0.0	0.299	0.001	0.0	0.0	0.001	0.004	0.0	0.0	0.001	0.002	Source_3
46	L00995	jj	jj	0.0	0.001	0.0	0.026	0.0003333333333333333	0.0	0.0	0.005666666666666666	0.0	0.106	0.001	0.001	0.102	0.431	0.0	0.0	0.0005	0.0475	0.001	0.0	0.272	0.001	0.0	0.0	0.0	0.001	0.002	0.0	0.0	0.001	Source_3
47	L01304	tt	tt	0.0	0.43883333333333335	0.005	0.0009387057387057387	0.009416666666666669	0.0	0.004	0.00775	0.0	0.0	0.001492818292818293	0.002	0.001	0.001	0.0	0.0038333333333333336	0.004624381174381175	0.000944094794094794	0.0	0.049	0.0	0.0	0.0	0.0	0.4701666666666666	0.0	0.0	0.0	0.0	0.0	Source_3
0	L01111	mmm	mmm	0.0	0.0	0.006	0.0025801587301587303	0.001	0.0	0.0	0.001	0.002	0.0	0.020788095238095234	0.001	0.0	0.0	0.0	0.0	0.014048412698412699	0.9445833333333333	0.0	0.0	0.0	0.001	0.004	0.0	0.002	0.0	0.0	0.0	0.0	0.0	Source_3
1	L00737	jj	jj	0.0	0.0	0.003	0.0	0.001	0.0	0.0	0.06	0.029	0.071	0.0	0.02	0.0	0.634	0.0	0.0	0.001	0.026	0.0	0.003	0.0	0.086	0.001	0.046	0.013	0.0	0.002	0.0	0.0	0.004	Source_3
2	L00972	hhh	jj	0.0	0.0	0.0	0.0010625	0.0	0.0	0.0	0.0	0.0	0.0	0.0	0.0	0.0	0.9989375	0.0	0.0	0.0	0.0	0.0	0.0	0.0	0.0	0.0	0.0	0.0	0.0	0.0	0.0	0.0	0.0	Source_3
3	L00974	xxxx	xxxx	0.0	0.0	0.004	0.0	0.0	0.0	0.0	0.007	0.037	0.006	0.0	0.064	0.0	0.001	0.0	0.0	0.0	0.009	0.0	0.006	0.0	0.002	0.0	0.001	0.002	0.0	0.0	0.002	0.0	0.859	Source_3
4	L01060	mmm	mmm	0.0	0.0	0.0	0.0	0.006	0.0	0.0	0.003	0.0	0.0	0.0	0.0	0.0	0.0	0.01	0.0	0.0	0.933	0.0	0.0	0.0	0.0	0.0	0.0	0.002	0.046	0.0	0.0	0.0	0.0	Source_3
5	L01435	ddd	ggg	0.003	0.0525952380952381	0.16046785714285713	0.0	0.1194047619047619	0.007	0.004	0.463	0.002	0.0	0.006	0.006	0.0	0.021	0.002	0.04932976190476191	0.001	0.005	0.0	0.052	0.0	0.001	0.005	0.002	0.03720238095238096	0.001	0.0	0.0	0.0	0.0	Source_3
6	L01496	hhhh	ddd	0.0	0.0	0.0	0.001	0.369	0.0	0.114	0.002	0.0	0.0	0.0	0.0	0.0	0.32	0.0005	0.023	0.001	0.0015	0.0	0.0	0.001	0.0	0.125	0.0	0.0	0.002	0.04	0.0	0.0	0.0	Source_3
7	L01604	hhh	hhh	0.0	0.0	0.0	0.0	0.0	0.0	0.0	0.0	0.998	0.0	0.0	0.0	0.0	0.0	0.0	0.0	0.0	0.002	0.0	0.0	0.0	0.0	0.0	0.0	0.0	0.0	0.0	0.0	0.0	0.0	Source_3
8	L00294	v	v	0.0	0.0	0.0	0.0	0.0	0.0	0.0	0.0	0.002	0.021	0.0	0.0	0.0	0.0	0.001	0.0	0.0	0.031	0.0	0.0	0.0	0.0	0.0	0.0	0.0	0.006	0.939	0.0	0.0	0.0	Source_3
9	L00463	mmm	jjj	0.0	0.0	0.008	0.0	0.0	0.0	0.0	0.004	0.041	0.169	0.007	0.0	0.007	0.0	0.564	0.0	0.006333333333333333	0.04666666666666666	0.0076363636363636364	0.0	0.0	0.002	0.0	0.0	0.005	0.096	0.001	0.004363636363636363	0.0	0.031	Source_3
10	L00479	ccc	jj	0.0	0.0	0.0	0.08800752611681435	0.0	0.0	0.0	0.0	0.0	0.0	0.0	0.0	0.0	0.9119924738831859	0.0	0.0	0.0	0.0	0.0	0.0	0.0	0.0	0.0	0.0	0.0	0.0	0.0	0.0	0.0	0.0	Source_3
11	L00622	wwww	wwww	0.0	0.0	0.001	0.0	0.0	0.0	0.0	0.025	0.013	0.155	0.001	0.001	0.0	0.001	0.008	0.0	0.00075	0.23625	0.001	0.001	0.0	0.003	0.0	0.028	0.002	0.046	0.009	0.461	0.0	0.007	Source_3
12	L00732	j	jj	0.0	0.0	0.001419047619047619	0.0	0.003	0.0	0.001	0.152	0.099	0.0	0.0	0.0	0.0	0.477	0.07003253968253968	0.0026190476190476185	0.0	0.10196746031746032	0.001	0.084	0.0	0.0	0.0	0.001	0.003961904761904762	0.002	0.0	0.0	0.0	0.0	Source_3
13	L00862	jj	jj	0.0	0.0	0.0	0.02029731619859328	0.0	0.0	0.0	0.0	0.0	0.0	0.0	0.0	0.0	0.8647026838014069	0.0	0.0	0.0	0.0	0.0	0.0	0.0	0.0	0.0	0.0	0.115	0.0	0.0	0.0	0.0	0.0	Source_3
14	L00937	s	iiii	0.0	0.0	0.151	0.0	0.0	0.001	0.0	0.009	0.005	0.0	0.026835714285714293	0.308	0.0	0.063	0.0	0.001	0.036	0.3071642857142858	0.0	0.0	0.0	0.0	0.001	0.091	0.0	0.0	0.0	0.0	0.0	0.0	Source_3
15	L01133	nnnn	nnnn	0.0	0.0	0.0	0.0	0.0	0.0	0.0	0.0	0.0	0.0	0.0	0.0	0.0	0.0	0.0	0.0	0.0	0.0	0.8613734119681494	0.0	0.0	0.0	0.0	0.0	0.0	0.0	0.0	0.13862658803185132	0.0	0.0	Source_3
16	L01592	tt	qq	0.0	0.0	0.015	0.007	0.005	0.0	0.053	0.036	0.023	0.01	0.014	0.013	0.0	0.295	0.001	0.001	0.00025	0.06975	0.002857142857142857	0.005	0.0	0.412	0.001	0.003	0.018	0.006	0.001	0.003142857142857143	0.0	0.005	Source_3
17	L00736	jj	jj	0.0	0.0	0.0	0.08752088081766904	0.0	0.0	0.0	0.0	0.0	0.0	0.0	0.0	0.0	0.9094791191823312	0.0	0.003	0.0	0.0	0.0	0.0	0.0	0.0	0.0	0.0	0.0	0.0	0.0	0.0	0.0	0.0	Source_3
18	L01124	dddd	dddd	0.0	0.0	0.0	0.0	0.0	1.0	0.0	0.0	0.0	0.0	0.0	0.0	0.0	0.0	0.0	0.0	0.0	0.0	0.0	0.0	0.0	0.0	0.0	0.0	0.0	0.0	0.0	0.0	0.0	0.0	Source_3
19	L01191	ggg	jj	0.0	0.14231666666666667	0.026	0.00034285714285714285	0.15512272727272727	0.002	0.048	0.05464393939393939	0.001	0.0	0.006542857142857144	0.23	0.0	0.313	0.002	0.0015	0.0011142857142857144	0.001	0.0	0.004	0.0	0.0009166666666666666	0.002	0.002	0.0055	0.001	0.0	0.0	0.0	0.0	Source_3
20	L01468	dddd	dddd	0.0	0.0	0.0	0.0	0.0	1.0	0.0	0.0	0.0	0.0	0.0	0.0	0.0	0.0	0.0	0.0	0.0	0.0	0.0	0.0	0.0	0.0	0.0	0.0	0.0	0.0	0.0	0.0	0.0	0.0	Source_3
21	L01638	jj	jj	0.0	0.0	0.0	0.002	0.14	0.0	0.0	0.186	0.002	0.0	0.0	0.001	0.0	0.357	0.0	0.0	0.0	0.001	0.0	0.0	0.0	0.31	0.0	0.0	0.0	0.001	0.0	0.0	0.0	0.0	Source_3
22	L00447	iii	iii	0.0	0.0	0.004	0.0	0.0	0.0	0.0	0.0	0.0	0.012	0.868	0.0	0.0	0.001	0.0	0.0	0.0	0.111	0.0	0.0	0.0	0.0	0.0	0.0	0.0	0.003	0.0	0.0	0.0	0.001	Source_3
23	L00456	iii	iii	0.0	0.0	0.0	0.0	0.0	0.0	0.0	0.0	0.10613511634993869	0.0	0.587788940475589	0.0	0.0	0.0	0.0	0.0	0.0	0.30607594317447256	0.0	0.0	0.0	0.0	0.0	0.0	0.0	0.0	0.0	0.0	0.0	0.0	Source_3
24	L00473	iii	mmm	0.017	0.0036	0.001875	0.0	0.008400000000000001	0.001	0.002	0.02791071428571429	0.0	0.0	0.003	0.0	0.0	0.006	0.157	0.005208333333333334	0.0	0.65	0.0	0.002	0.0	0.005089285714285714	0.0	0.0	0.0019166666666666666	0.108	0.0	0.0	0.0	0.0	Source_3
25	L00725	dddd	dddd	0.0	0.0	0.0	0.0	0.0	1.0	0.0	0.0	0.0	0.0	0.0	0.0	0.0	0.0	0.0	0.0	0.0	0.0	0.0	0.0	0.0	0.0	0.0	0.0	0.0	0.0	0.0	0.0	0.0	0.0	Source_3
26	L00883	uuuu	uuuu	0.001	0.001	0.001	0.00225	0.03	0.006	0.001	0.008	0.007	0.001	0.0085	0.004	0.0	0.036	0.0	0.005	0.00125	0.011	0.001819047619047619	0.002	0.00075	0.004	0.001	0.0	0.001	0.85725	0.001	0.0	0.005180952380952382	0.002	Source_3
27	L01410	uuuu	uuuu	0.001	0.001	0.001	0.00225	0.03	0.006	0.001	0.008	0.007	0.001	0.0085	0.004	0.0	0.036	0.0	0.005	0.00125	0.011	0.001819047619047619	0.002	0.00075	0.004	0.001	0.0	0.001	0.85725	0.001	0.0	0.005180952380952382	0.002	Source_3
28	L00681	iiii	iiii	0.001	0.0	0.0	0.003	0.0056500000000000005	0.007	0.0	0.01435	0.009	0.0	0.004	0.597	0.001	0.022	0.002	0.004	0.0	0.004	0.03975162337662338	0.001	0.0	0.001	0.002	0.0	0.002	0.001	0.0	0.0	0.2732483766233767	0.006	Source_3
29	L00749	jj	jj	0.0	0.0	0.0	0.002	0.06845833333333333	0.002	0.0	0.0035416666666666665	0.020210526315789474	0.0	0.003118421052631579	0.0	0.0	0.818	0.0	0.001	0.0	0.0056710526315789465	0.002	0.0	0.0005	0.0	0.052	0.0	0.0	0.0195	0.001	0.0	0.0	0.001	Source_3
30	L01122	ggg	ggg	0.0	0.0	0.0	0.0	0.1912099067599066	0.0	0.0	0.8047900932400923	0.002	0.0	0.0	0.0	0.0	0.0	0.0	0.001	0.0	0.0	0.0	0.0	0.0	0.0	0.0	0.0	0.0	0.001	0.0	0.0	0.0	0.0	Source_3
31	L01733	qq	hhh	0.0	0.0	0.001	0.005	0.01	0.006	0.001	0.007625	0.46	0.0	0.001	0.338	0.001	0.129	0.0	0.0	0.001	0.014	0.0002	0.005	0.0016666666666666666	0.005375	0.001	0.0	0.002	0.0013333333333333333	0.002	0.0	0.0018	0.005	Source_3
32	L00726	iiii	iiii	0.001	0.0	0.0	0.003	0.0056500000000000005	0.007	0.0	0.01435	0.008	0.0	0.004	0.594	0.001	0.024	0.003	0.004	0.0	0.004	0.03875162337662338	0.001	0.0	0.002	0.002	0.0	0.003	0.001	0.0	0.0	0.2732483766233767	0.006	Source_3
33	L01034	jj	jj	0.0	0.0	0.0	0.0	0.123	0.0	0.0	0.003	0.003	0.006083333333333333	0.0	0.082	0.007	0.659	0.002	0.074	0.0	0.0	0.014	0.0	0.003916666666666666	0.001	0.022	0.0	0.0	0.0	0.0	0.0	0.0	0.0	Source_3
34	L01127	jj	jj	0.0	0.0	0.0	0.004	0.0	0.0	0.0	0.0	0.0	0.0	0.0	0.0	0.0	0.996	0.0	0.0	0.0	0.0	0.0	0.0	0.0	0.0	0.0	0.0	0.0	0.0	0.0	0.0	0.0	0.0	Source_3
35	L01436	kkk	jjj	0.0	0.0	0.003	0.0	0.036	0.002	0.0	0.002	0.011	0.00775	0.0	0.006	0.001	0.006	0.633	0.001	0.0	0.262	0.013	0.0	0.01025	0.001	0.005	0.0	0.0	0.0	0.0	0.0	0.0	0.0	Source_3
36	L00432	kk	ggg	0.0	0.0	0.009	0.0	0.002	0.008	0.0	0.617311111111112	0.001	0.0035	0.0	0.001	0.004	0.003	0.004	0.002	0.001	0.0	0.0	0.0	0.0005	0.315688888888889	0.001	0.0	0.027	0.0	0.0	0.0	0.0	0.0	Source_3
37	L00943	ggg	ggg	0.011	0.002	0.056	0.011	0.016333333333333335	0.171	0.007	0.3718611111111112	0.081	0.007827380952380952	0.017	0.003	0.021	0.005	0.04	0.008	0.0	0.011	0.003	0.0	0.009172619047619048	0.06480555555555556	0.076	0.0	0.007	0.0	0.0	0.0	0.0	0.0	Source_3
38	L01610	ddd	ccc	0.001	0.072	0.011	0.225	0.003	0.013	0.118	0.1996	0.146	0.001	0.0	0.001	0.002	0.003	0.188	0.002	0.0	0.001	0.001	0.0	0.0	0.005399999999999999	0.007	0.0	0.0	0.0	0.0	0.0	0.0	0.0	Source_3
39	L01062	mmm	kkk	0.0	0.0	0.001	0.001	0.15633333333333335	0.022	0.002	0.0036666666666666666	0.005	0.0	0.005	0.053	0.0	0.003	0.0	0.001	0.626	0.001	0.0171	0.0	0.0004	0.0	0.0	0.096	0.003	0.0006	0.0	0.0	0.0009	0.002	Source_3
40	L00931	aaaa	aaaa	0.876	0.0	0.001	0.0	0.0	0.0	0.0	0.001	0.011	0.069276555316029	0.008	0.001	0.001	0.0	0.001	0.0	0.0	0.0	0.0	0.0	0.022723444683970997	0.0	0.008	0.0	0.0	0.0	0.0	0.0	0.0	0.0	Source_3
41	L01193	bbbbb	bbbbb	0.02	0.004	0.17	0.021	0.01725	0.098	0.015	0.16863809523809525	0.115	0.012338888888888889	0.018	0.003	0.058	0.009	0.05	0.023	0.001	0.014	0.007	0.0	0.00766111111111111	0.05311190476190477	0.112	0.0	0.003	0.0	0.0	0.0	0.0	0.0	Source_3
42	L01417	q	hhhh	0.0	0.0	0.0	0.0	0.0	0.0	0.0	0.0	0.0	0.7551219234744414	0.0	0.0	0.0	0.0	0.0	0.0	0.0	0.0	0.0	0.0	0.24487807652555987	0.0	0.0	0.0	0.0	0.0	0.0	0.0	0.0	0.0	Source_3
43	L00596	rr	hhh	0.225	0.0	0.015	0.003	0.003	0.027	0.002	0.0094	0.399	0.00606067821067821	0.04	0.001	0.015	0.009	0.008	0.003	0.0	0.002	0.002	0.001	0.0019393217893217893	0.0006	0.22	0.0	0.007	0.0	0.0	0.0	0.0	0.0	Source_3
44	L01626	hhhh	hhhh	0.0	0.0	0.0	0.0	0.0	0.0	0.0	0.0	0.0	0.7551219234744414	0.0	0.0	0.0	0.0	0.0	0.0	0.0	0.0	0.0	0.0	0.24487807652555987	0.0	0.0	0.0	0.0	0.0	0.0	0.0	0.0	0.0	Source_3
45	L00676	jj	jj	0.0	0.0005	0.0	0.03111111111111111	0.004900000000000001	0.005	0.0	0.0076	0.003	0.304	0.001	0.002	0.034	0.391	0.0	0.004	0.0006666666666666666	0.043222222222222224	0.0016666666666666666	0.0	0.149	0.0	0.0	0.002	0.001	0.008	0.002	0.0	0.004333333333333333	0.0	Source_3
46	L01065	bbb	tt	0.002	0.0045	0.015533333333333333	0.0010357142857142856	0.0235	0.0	0.004	0.036	0.001	0.001	0.0038428571428571427	0.006	0.0	0.005	0.001	0.014933333333333331	0.002835714285714286	0.0022857142857142855	0.0	0.03	0.0	0.0	0.001	0.001	0.8395333333333334	0.002	0.0	0.0	0.0	0.002	Source_3
47	L01184	gg	gg	0.0	0.0015	0.0045	0.0	0.0555	0.002	0.832	0.011	0.001	0.0	0.0	0.01	0.0	0.002	0.001	0.009800000000000001	0.0	0.0	0.0	0.0	0.0	0.0	0.0	0.068	0.0017	0.0	0.0	0.0	0.0	0.0	Source_3
0	L00576	jj	jj	0.0	0.0	0.0	0.0	0.0	0.0	0.0	0.0	0.0	0.0	0.0	0.0	0.0	1.0	0.0	0.0	0.0	0.0	0.0	0.0	0.0	0.0	0.0	0.0	0.0	0.0	0.0	0.0	0.0	0.0	Source_3
1	L00816	kkk	kkk	0.0	0.0	0.0	0.1486338439338441	0.0	0.0	0.0	0.0	0.0	0.0	0.28782227355977347	0.0	0.0	0.0	0.0	0.0	0.4223508547008542	0.14119302780552792	0.0	0.0	0.0	0.0	0.0	0.0	0.0	0.0	0.0	0.0	0.0	0.0	Source_3
2	L01101	s	s	0.0	0.0	0.0	0.0	0.0	0.0	0.002	0.0	0.0	0.0	0.0	0.003	0.0	0.0	0.0	0.003	0.0	0.0	0.0	0.0	0.0	0.0	0.0	0.992	0.0	0.0	0.0	0.0	0.0	0.0	Source_3
3	L01601	jj	mmm	0.0	0.001	0.19573333333333334	0.0	0.005	0.046	0.0	0.056	0.01	0.0	0.029954761904761908	0.016	0.001	0.06725	0.0	0.0007333333333333333	0.054285714285714284	0.4905095238095238	0.0	0.001	0.0	0.0	0.003	0.02	0.002533333333333333	0.0	0.0	0.0	0.0	0.0	Source_3
4	L00304	uuuu	uuuu	0.0	0.0	0.0	0.0	0.0	0.086	0.0	0.001	0.004	0.104	0.0	0.0	0.0	0.0	0.0	0.0	0.0	0.0	0.0	0.0	0.0	0.0	0.0	0.001	0.0	0.804	0.0	0.0	0.0	0.0	Source_3
5	L00429	jj	jj	0.0	0.0	0.0	0.05312401742134719	0.0	0.0	0.0	0.0	0.0	0.0	0.0	0.0	0.0	0.8468759825786529	0.0	0.0	0.0	0.0	0.0	0.0	0.0	0.0	0.0	0.0	0.1	0.0	0.0	0.0	0.0	0.0	Source_3
6	L00657	tt	bbbbb	0.0	0.0	0.34	0.0	0.001	0.001	0.0	0.281	0.009	0.016	0.0	0.001	0.045	0.02	0.0	0.0	0.08969047619047625	0.17130952380952388	0.0	0.0	0.0	0.0	0.0	0.0	0.001	0.006	0.001	0.002	0.0	0.015	Source_3
7	L00702	gg	gg	0.0	0.0	0.001	0.002	0.0	0.0	0.959	0.002	0.004	0.0	0.0	0.0	0.0	0.001	0.0	0.0	0.0	0.002	0.0	0.0	0.0	0.018	0.0	0.0	0.006	0.0	0.0	0.001	0.0	0.004	Source_3
8	L00782	jj	jj	0.0	0.0	0.0	0.19188416097576375	0.0	0.0	0.0	0.0	0.0	0.0	0.0	0.0	0.0	0.8081158390242381	0.0	0.0	0.0	0.0	0.0	0.0	0.0	0.0	0.0	0.0	0.0	0.0	0.0	0.0	0.0	0.0	Source_3
9	L00821	wwww	wwww	0.0	0.0	0.0	0.0	0.0	0.0	0.0	0.0	0.0	0.005	0.001	0.001	0.0	0.0	0.0	0.0	0.0	0.015	0.0	0.0	0.0	0.0	0.0	0.0	0.0	0.0	0.0	0.978	0.0	0.0	Source_3
10	L00860	v	v	0.0	0.0	0.0	0.0	0.0	0.0	0.0	0.0	0.0	0.016	0.002	0.0	0.0	0.0	0.0	0.0	0.0	0.022	0.0	0.0	0.0	0.0	0.0	0.0	0.0	0.004	0.954	0.001	0.0	0.001	Source_3
11	L00876	j	j	0.0	0.0	0.049	0.0	0.002	0.002	0.0	0.032	0.005	0.012	0.0004	0.0	0.709	0.001	0.0026	0.001	0.059123809523809516	0.10887619047619046	0.0	0.001	0.0	0.0	0.0	0.0	0.002	0.007	0.001	0.003	0.0	0.002	Source_3
12	L00887	ggg	j	0.0	0.002	0.001	0.001	0.001	0.0	0.001	0.006	0.062	0.002	0.0045	0.0	0.263	0.003	0.17166259018759017	0.0	0.0020666666666666663	0.2397707431457431	0.0	0.235	0.0	0.001	0.0	0.001	0.001	0.001	0.001	0.0	0.0	0.0	Source_3
13	L00998	nnnn	nnnn	0.0	0.0	0.0	0.0	0.0	0.0	0.0	0.0	0.0	0.0	0.0	0.0	0.0	0.0	0.0	0.0	0.0	0.0	0.8315278221778222	0.0	0.0	0.0	0.0	0.0	0.0	0.0	0.0	0.16847217782217797	0.0	0.0	Source_3
14	L01218	jj	tt	0.0	0.0	0.013	0.006	0.008	0.002	0.102	0.017	0.074	0.015	0.002	0.016	0.002	0.011	0.0	0.001	0.001	0.023	0.0	0.01	0.0	0.338	0.0	0.0	0.34	0.007	0.0	0.001	0.0	0.011	Source_3
15	L01234	iiii	iiii	0.0	0.005333333333333332	0.002	0.0	0.010666666666666666	0.0	0.002	0.011833333333333333	0.0	0.0	0.001	0.955	0.0	0.011	0.0	0.0	0.0	0.0	0.0	0.0	0.0	0.00016666666666666666	0.001	0.0	0.0	0.0	0.0	0.0	0.0	0.0	Source_3
16	L01273	nnnn	nnnn	0.0	0.0	0.0	0.0	0.0	0.0	0.0	0.0	0.0	0.0	0.0	0.0	0.0	0.0	0.0	0.0	0.0	0.0	0.8315278221778222	0.0	0.0	0.0	0.0	0.0	0.0	0.0	0.0	0.16847217782217797	0.0	0.0	Source_3
17	L01321	jj	jj	0.001	0.0	0.001	0.006	0.003166666666666667	0.002	0.0	0.004833333333333334	0.003	0.0	0.001	0.02	0.003	0.912	0.0	0.002	0.001	0.003	0.001	0.001	0.0	0.027	0.001	0.001	0.002	0.002	0.0	0.0	0.0	0.002	Source_3
18	L00451	iii	iii	0.0	0.0	0.0	0.0	0.0	0.0	0.0	0.0	0.014	0.013	0.921	0.001	0.001	0.0	0.001	0.0	0.0005	0.0265	0.001	0.0	0.0	0.0	0.0	0.0	0.001	0.006	0.002	0.0	0.0	0.012	Source_3
19	L00459	jj	j	0.001	0.002	0.001	0.001	0.001	0.0	0.0	0.004	0.111	0.0	0.0016666666666666666	0.001	0.507	0.002	0.10250119047619051	0.0	0.0	0.15183214285714286	0.0	0.109	0.0	0.001	0.002	0.0	0.0	0.001	0.0	0.0	0.0	0.0	Source_3
20	L00844	hhh	qq	0.001	0.0	0.004	0.006	0.008	0.006	0.005	0.009	0.005	0.0	0.004200000000000001	0.374	0.0	0.1026	0.001	0.001	0.0	0.0032	0.0024	0.003	0.0003333333333333333	0.45	0.002	0.001	0.005	0.0026666666666666666	0.002	0.0	0.0016	0.0	Source_3
21	L00928	iiii	iiii	0.0	0.18521666666666675	0.0105	0.0	0.21778333333333325	0.0	0.029	0.13466666666666668	0.0	0.0	0.0	0.242	0.002	0.153	0.0012	0.004166666666666667	0.0	0.0018	0.0	0.0	0.0	0.006333333333333333	0.003	0.001	0.007333333333333333	0.001	0.0	0.0	0.0	0.0	Source_3
22	L00945	jj	jj	0.0	0.0	0.0	0.19188416097576375	0.0	0.0	0.0	0.0	0.0	0.0	0.0	0.0	0.0	0.8081158390242381	0.0	0.0	0.0	0.0	0.0	0.0	0.0	0.0	0.0	0.0	0.0	0.0	0.0	0.0	0.0	0.0	Source_3
23	L01625	xxxx	dddd	0.0	0.00175	0.003	0.0232	0.03436230158730158	0.567	0.001	0.0748876984126984	0.016	0.005	0.017	0.024	0.004	0.1178	0.0006666666666666666	0.019	0.00425	0.017083333333333336	0.011191666666666666	0.004	0.004833333333333333	0.011	0.006	0.001	0.006	0.011166666666666667	0.005	0.0	0.008808333333333331	0.001	Source_3
24	L00814	ddd	ddd	0.003	0.002	0.0	0.0	0.989	0.0	0.0	0.001	0.0	0.0	0.004	0.0	0.0	0.0	0.001	0.0	0.0	0.0	0.0	0.0	0.0	0.0	0.0	0.0	0.0	0.0	0.0	0.0	0.0	0.0	Source_3
25	L00939	mmm	iii	0.0	0.0	0.0	0.0	0.0	0.0	0.0	0.0	0.002	0.028	0.888	0.0	0.001	0.0	0.005	0.0	0.00075	0.03825	0.0	0.0	0.0	0.002	0.0	0.0	0.0	0.022	0.002	0.003	0.0	0.008	Source_3
26	L01800	qq	qq	0.0	0.0	0.0	0.0	0.012	0.0	0.0	0.174	0.001	0.0	0.0	0.0	0.0	0.16	0.0	0.0	0.0	0.0	0.0	0.0	0.0	0.653	0.0	0.0	0.0	0.0	0.0	0.0	0.0	0.0	Source_3
27	L00385	iii	iii	0.0	0.0	0.0	0.0	0.0	0.0	0.0	0.0	0.10877057047699497	0.0	0.5488220491324982	0.0	0.0	0.0	0.0	0.0	0.0	0.34240738039050744	0.0	0.0	0.0	0.0	0.0	0.0	0.0	0.0	0.0	0.0	0.0	0.0	Source_3
28	L00686	iii	iii	0.0	0.0	0.0	0.0	0.0	0.0	0.0	0.0	0.10877057047699497	0.0	0.5488220491324982	0.0	0.0	0.0	0.0	0.0	0.0	0.34240738039050744	0.0	0.0	0.0	0.0	0.0	0.0	0.0	0.0	0.0	0.0	0.0	0.0	Source_3
29	L01262	dddd	dddd	0.0	0.0	0.0	0.0	0.0	1.0	0.0	0.0	0.0	0.0	0.0	0.0	0.0	0.0	0.0	0.0	0.0	0.0	0.0	0.0	0.0	0.0	0.0	0.0	0.0	0.0	0.0	0.0	0.0	0.0	Source_3
30	L00652	mmm	mmm	0.0	0.0	0.002	0.0	0.016	0.004	0.0	0.001	0.003	0.009333333333333332	0.001	0.004	0.0	0.0	0.1496142857142857	0.0	0.16138571428571427	0.632	0.009	0.0	0.004666666666666666	0.0	0.003	0.0	0.0	0.0	0.0	0.0	0.0	0.0	Source_3
31	L01466	hhh	hhh	0.0	0.0	0.014	0.001	0.121	0.01	0.0	0.005	0.645	0.018925	0.004	0.012	0.013	0.01	0.020550000000000002	0.004	0.01145	0.004	0.044	0.0	0.023075	0.0	0.039	0.0	0.0	0.0	0.0	0.0	0.0	0.0	Source_3
32	L00919	kk	jj	0.002	0.0	0.01	0.002	0.152	0.001	0.001	0.006	0.006	0.03606190476190476	0.002	0.197	0.001	0.393	0.004	0.003	0.0	0.0	0.029	0.0	0.03093809523809524	0.0	0.123	0.0	0.001	0.0	0.0	0.0	0.0	0.0	Source_3
33	L00396	dddd	dddd	0.0	0.0	0.0	0.0	0.0	1.0	0.0	0.0	0.0	0.0	0.0	0.0	0.0	0.0	0.0	0.0	0.0	0.0	0.0	0.0	0.0	0.0	0.0	0.0	0.0	0.0	0.0	0.0	0.0	0.0	Source_3
34	L01069	mmm	jj	0.0	0.0005	0.008	0.03532747252747252	0.019975	0.019	0.001	0.019524999999999997	0.012	0.0035	0.00595	0.018	0.007	0.7574225274725275	0.003	0.009	0.0015	0.0288	0.003	0.002	0.0015	0.011	0.002	0.002	0.004	0.019	0.004	0.001	0.0	0.001	Source_3
35	L00398	dddd	dddd	0.0	0.0	0.0	0.0	0.0	1.0	0.0	0.0	0.0	0.0	0.0	0.0	0.0	0.0	0.0	0.0	0.0	0.0	0.0	0.0	0.0	0.0	0.0	0.0	0.0	0.0	0.0	0.0	0.0	0.0	Source_3
36	L01098	aaaa	aaaa	0.861	0.0	0.002	0.0	0.0	0.003	0.0	0.001	0.004	0.06951867644739158	0.021	0.001	0.002	0.001	0.001	0.0	0.0	0.0	0.0	0.0	0.02448132355260837	0.001	0.006	0.0	0.002	0.0	0.0	0.0	0.0	0.0	Source_3
37	L00723	ggg	dddd	0.0	0.00175	0.003	0.0192	0.03203275613275613	0.573	0.002	0.08221724386724387	0.017	0.005	0.016	0.027	0.003	0.10579999999999999	0.0	0.022	0.00575	0.01525	0.012191666666666667	0.005	0.0038333333333333336	0.009	0.007	0.003	0.007	0.009166666666666667	0.004	0.0	0.008808333333333331	0.001	Source_3
38	L00973	rr	aaaa	0.424	0.001	0.01	0.0	0.006	0.024	0.001	0.005666666666666666	0.288	0.0009333333333333333	0.065	0.001	0.011	0.002	0.008	0.0	0.001	0.002	0.0	0.0	0.0010666666666666667	0.0003333333333333333	0.142	0.0	0.006	0.0	0.0	0.0	0.0	0.0	Source_3
39	L01613	ggg	ddd	0.003	0.033	0.06	0.079	0.295	0.016	0.038	0.064825	0.056	0.0	0.0	0.0	0.008	0.001	0.2776666666666666	0.042	0.002333333333333333	0.001	0.0	0.0	0.0	0.006175	0.017	0.0	0.0	0.0	0.0	0.0	0.0	0.0	Source_3
40	L01645	q	hhhh	0.0	0.0	0.0	0.0	0.0	0.0	0.0	0.0	0.0	0.7240943796958123	0.0	0.0	0.0	0.0	0.0	0.0	0.0	0.0	0.0	0.0	0.2759056203041892	0.0	0.0	0.0	0.0	0.0	0.0	0.0	0.0	0.0	Source_3
41	L01770	hhhh	hhhh	0.0	0.0	0.0	0.0	0.0	0.0	0.0	0.0	0.0	0.7240943796958123	0.0	0.0	0.0	0.0	0.0	0.0	0.0	0.0	0.0	0.0	0.2759056203041892	0.0	0.0	0.0	0.0	0.0	0.0	0.0	0.0	0.0	Source_3
42	L01750	bbb	bbb	0.0	1.0	0.0	0.0	0.0	0.0	0.0	0.0	0.0	0.0	0.0	0.0	0.0	0.0	0.0	0.0	0.0	0.0	0.0	0.0	0.0	0.0	0.0	0.0	0.0	0.0	0.0	0.0	0.0	0.0	Source_3
43	L01620	ccc	ccc	0.001	0.011	0.002	0.933	0.01	0.003	0.007	0.00275	0.013	0.0	0.0	0.0	0.002	0.001	0.01	0.0	0.0	0.0	0.0	0.0	0.0	0.00025	0.004	0.0	0.0	0.0	0.0	0.0	0.0	0.0	Source_3
44	L01627	hhhh	hhhh	0.0	0.0	0.0	0.0	0.0	0.0	0.0	0.0	0.0	0.7240943796958123	0.0	0.0	0.0	0.0	0.0	0.0	0.0	0.0	0.0	0.0	0.2759056203041892	0.0	0.0	0.0	0.0	0.0	0.0	0.0	0.0	0.0	Source_3
45	L00573	bbbbb	bbbbb	0.0	0.004166666666666667	0.643	0.0	0.043833333333333335	0.0	0.009	0.114	0.0	0.0	0.001	0.004	0.001	0.004	0.0	0.157	0.0	0.001	0.001	0.006	0.0	0.001	0.004	0.0	0.006	0.0	0.0	0.0	0.0	0.0	Source_3
46	L01306	mmm	jj	0.0	0.0	0.0	0.111	0.001	0.004	0.0	0.001	0.001	0.171	0.0	0.0	0.034	0.491	0.0	0.006	0.0	0.001	0.0	0.0	0.176	0.0	0.0	0.0	0.0	0.002	0.001	0.0	0.0	0.0	Source_3
47	L01507	ddd	kk	0.003	0.0175	0.1092	0.001	0.1285	0.017	0.007	0.285	0.008	0.0	0.009	0.001	0.0	0.010375	0.002	0.3520166666666667	0.0026666666666666666	0.007958333333333333	0.0	0.015	0.0	0.001	0.004	0.002	0.01678333333333333	0.0	0.0	0.0	0.0	0.0	Source_3
0	L00408	j	jj	0.0	0.0	0.0	0.008	0.001	0.0	0.0	0.0	0.0	0.075	0.0	0.0	0.0	0.823	0.0	0.001	0.0	0.02	0.0	0.0	0.072	0.0	0.0	0.0	0.0	0.0	0.0	0.0	0.0	0.0	Source_3
1	L00442	jj	jj	0.0	0.0	0.0	0.0	0.0	0.0	0.0	0.0	0.0	0.0	0.0	0.0	0.0	1.0	0.0	0.0	0.0	0.0	0.0	0.0	0.0	0.0	0.0	0.0	0.0	0.0	0.0	0.0	0.0	0.0	Source_3
2	L00537	jj	jj	0.0	0.0	0.0	0.0	0.0	0.0	0.0	0.0	0.0	0.0	0.0	0.0	0.0	1.0	0.0	0.0	0.0	0.0	0.0	0.0	0.0	0.0	0.0	0.0	0.0	0.0	0.0	0.0	0.0	0.0	Source_3
3	L00713	mmm	jj	0.001	0.0	0.01966666666666667	0.0	0.001	0.0	0.0	0.005	0.003	0.0	0.003	0.01	0.0	0.877	0.00025	0.001	0.006	0.06375	0.0	0.0	0.0	0.0	0.0003333333333333333	0.009	0.0	0.0	0.0	0.0	0.0	0.0	Source_3
4	L00747	jj	jj	0.0	0.0	0.0	0.0	0.0	0.0	0.0	0.0	0.0	0.0	0.0	0.0	0.0	1.0	0.0	0.0	0.0	0.0	0.0	0.0	0.0	0.0	0.0	0.0	0.0	0.0	0.0	0.0	0.0	0.0	Source_3
5	L00858	jj	jj	0.001	0.0	0.01966666666666667	0.0	0.001	0.0	0.0	0.005	0.003	0.0	0.003	0.01	0.0	0.877	0.00025	0.001	0.006	0.06375	0.0	0.0	0.0	0.0	0.0003333333333333333	0.009	0.0	0.0	0.0	0.0	0.0	0.0	Source_3
6	L01064	s	s	0.0	0.0	0.0	0.0	0.0	0.0	0.0	0.0	0.0	0.0	0.0	0.008	0.0	0.0	0.0	0.001	0.0	0.0	0.0	0.0	0.0	0.0	0.001	0.99	0.0	0.0	0.0	0.0	0.0	0.0	Source_3
7	L01117	kkk	mmm	0.0	0.001	0.001	0.00045757575757575766	0.01	0.0	0.001	0.003	0.002	0.0	0.010926262626262626	0.0	0.0	0.074	0.00016666666666666666	0.002	0.004221284271284272	0.8842282106782107	0.0	0.002	0.0	0.001	0.0	0.001	0.002	0.0	0.0	0.0	0.0	0.0	Source_3
8	L01199	bbbbb	kk	0.0	0.001	0.032	0.0	0.003	0.001	0.0	0.001	0.0	0.0	0.001	0.0	0.0	0.001	0.0	0.6479714285714284	0.0	0.0	0.0	0.0	0.0	0.0	0.002	0.0	0.3100285714285714	0.0	0.0	0.0	0.0	0.0	Source_3
9	L01228	xxxx	xxxx	0.0	0.0	0.0	0.0	0.001	0.0	0.0	0.009	0.037	0.004	0.0	0.056	0.0	0.003	0.0	0.0	0.0005	0.0155	0.0	0.003	0.0	0.003	0.001	0.007	0.005	0.0	0.0	0.003	0.0	0.852	Source_3
10	L01230	hhhh	hhhh	0.0	0.0	0.0	0.0	0.029	0.0	0.0	0.0	0.007	0.93	0.0	0.002	0.0	0.001	0.0	0.0	0.0	0.004	0.0	0.002	0.0	0.0	0.0	0.0	0.024	0.001	0.0	0.0	0.0	0.0	Source_3
11	L01394	ggg	ddd	0.006	0.046	0.19	0.001	0.442	0.007	0.011	0.062	0.002	0.0	0.015333333333333334	0.015	0.0	0.025	0.0026666666666666666	0.04671666666666666	0.0	0.028	0.0	0.024	0.0	0.004	0.019	0.001	0.05028333333333334	0.0	0.001	0.0	0.0	0.001	Source_3
12	L01494	jj	jj	0.0	0.0	0.0	0.003	0.0	0.0	0.0	0.0	0.0	0.012	0.0	0.0	0.0	0.975	0.0	0.001	0.0	0.001	0.0	0.0	0.008	0.0	0.0	0.0	0.0	0.0	0.0	0.0	0.0	0.0	Source_3
13	L01599	qq	ggg	0.001	0.0	0.001	0.0	0.001	0.0	0.0	0.992	0.0	0.0	0.001	0.001	0.0	0.001	0.0	0.0	0.0	0.0	0.0	0.0	0.0	0.0	0.0	0.0	0.002	0.0	0.0	0.0	0.0	0.0	Source_3
14	L00297	v	v	0.0	0.0	0.001	0.0	0.0	0.0	0.0	0.0	0.0	0.024	0.0	0.0	0.001	0.001	0.002	0.0	0.001	0.003	0.0	0.0	0.0	0.001	0.0	0.0	0.003	0.004	0.95	0.007	0.0	0.002	Source_3
15	L00705	mmm	hhhh	0.0	0.0	0.024	0.0	0.001	0.0	0.001	0.027	0.258	0.311	0.0	0.001	0.02	0.002	0.018	0.001	0.03969444444444445	0.08330555555555558	0.001	0.001	0.0	0.005	0.0	0.001	0.044	0.062	0.013	0.057	0.0	0.029	Source_3
16	L01044	nnnn	nnnn	0.0	0.0	0.0	0.0	0.0	0.0	0.0	0.0	0.0	0.0	0.0	0.0	0.0	0.0	0.0	0.0	0.0	0.0	0.852983073952192	0.0	0.0	0.0	0.0	0.0	0.0	0.0	0.0	0.14701692604780853	0.0	0.0	Source_3
17	L01189	iiii	iiii	0.0	0.011	0.0	0.0	0.006	0.0	0.008	0.031	0.0	0.0	0.0	0.914	0.0	0.025	0.0	0.002	0.0	0.001	0.0	0.001	0.0	0.0	0.0	0.0	0.001	0.0	0.0	0.0	0.0	0.0	Source_3
18	L01190	iiii	iiii	0.0	0.011	0.0	0.0	0.006	0.0	0.008	0.031	0.0	0.0	0.0	0.914	0.0	0.025	0.0	0.002	0.0	0.001	0.0	0.001	0.0	0.0	0.0	0.0	0.001	0.0	0.0	0.0	0.0	0.0	Source_3
19	L01226	hhhh	hhhh	0.0	0.0	0.0	0.0	0.0	0.026	0.0	0.0	0.002	0.636	0.0	0.0	0.0	0.0	0.0	0.0	0.0	0.002	0.0	0.0	0.0	0.0	0.0	0.0	0.001	0.333	0.0	0.0	0.0	0.0	Source_3
20	L01368	mmm	iii	0.019	0.004	0.003	0.0	0.014	0.0	0.0	0.017	0.0	0.0	0.512	0.003	0.0	0.002	0.274	0.0	0.0	0.15	0.0	0.002	0.0	0.0	0.0	0.0	0.0	0.0	0.0	0.0	0.0	0.0	Source_3
21	L00642	ddd	bbb	0.0	0.641	0.007	0.001	0.016	0.002	0.026	0.064	0.0	0.0	0.006	0.137	0.0	0.091	0.001	0.002	0.0	0.001	0.0	0.001	0.0	0.001	0.001	0.0	0.002	0.0	0.0	0.0	0.0	0.0	Source_3
22	L00660	uuuu	mmm	0.007	0.003	0.006	0.0	0.007	0.0	0.0	0.008	0.001	0.0	0.187	0.0	0.0	0.0	0.2025	0.002	0.0005	0.571	0.0	0.001	0.0	0.0	0.0	0.0	0.004	0.0	0.0	0.0	0.0	0.0	Source_3
23	L00718	hhh	ggg	0.0	0.001	0.001	0.003	0.14604768287268302	0.001	0.0	0.7829523171273178	0.001	0.001	0.002	0.004	0.001	0.03	0.001	0.002	0.0	0.004	0.00165	0.0	0.0	0.005	0.001	0.001	0.001	0.005	0.0	0.0	0.00135	0.003	Source_3
24	L00850	mmm	hhhh	0.0	0.0	0.012	0.0	0.0	0.0	0.0	0.017	0.065	0.459	0.001	0.002	0.016	0.003	0.024	0.0	0.026894444444444443	0.07010555555555556	0.003333333333333333	0.001	0.0	0.006	0.0	0.0	0.031	0.118	0.02	0.07666666666666667	0.0	0.048	Source_3
25	L00857	jj	jj	0.0	0.0	0.0	0.0	0.0	0.0	0.005	0.0	0.0	0.0	0.0	0.001	0.0	0.99	0.0	0.0	0.0	0.0	0.0	0.0	0.0	0.0	0.001	0.001	0.0	0.002	0.0	0.0	0.0	0.0	Source_3
26	L00869	jj	jj	0.0	0.001	0.002	0.01838888888888889	0.028070707070707066	0.011	0.004	0.020429292929292932	0.007	0.004	0.007	0.02	0.002	0.7406111111111112	0.0	0.006833333333333333	0.0023333333333333335	0.01966666666666667	0.005116666666666666	0.0	0.002019047619047619	0.0055	0.005	0.0	0.004166666666666667	0.06598095238095238	0.008	0.0005	0.0033833333333333337	0.006	Source_3
27	L01125	dddd	dddd	0.0	0.0	0.0	0.0	0.0	1.0	0.0	0.0	0.0	0.0	0.0	0.0	0.0	0.0	0.0	0.0	0.0	0.0	0.0	0.0	0.0	0.0	0.0	0.0	0.0	0.0	0.0	0.0	0.0	0.0	Source_3
28	L01600	jjj	jjj	0.0	0.002	0.0	0.0	0.001	0.001	0.0	0.064	0.024	0.0	0.24515714285714296	0.001	0.038	0.044	0.5192130952380957	0.0	0.0	0.022629761904761906	0.0	0.038	0.0	0.0	0.0	0.0	0.0	0.0	0.0	0.0	0.0	0.0	Source_3
29	L00290	dddd	dddd	0.0	0.0	0.0	0.0	0.0	1.0	0.0	0.0	0.0	0.0	0.0	0.0	0.0	0.0	0.0	0.0	0.0	0.0	0.0	0.0	0.0	0.0	0.0	0.0	0.0	0.0	0.0	0.0	0.0	0.0	Source_3
30	L00719	dddd	dddd	0.0	0.0	0.0	0.0	0.0	1.0	0.0	0.0	0.0	0.0	0.0	0.0	0.0	0.0	0.0	0.0	0.0	0.0	0.0	0.0	0.0	0.0	0.0	0.0	0.0	0.0	0.0	0.0	0.0	0.0	Source_3
31	L01145	hhh	iii	0.0	0.0	0.0	0.0	0.0	0.0	0.0	0.0	0.0	0.0	0.707942518803007	0.0	0.0	0.0	0.0	0.0	0.0	0.2920574811969938	0.0	0.0	0.0	0.0	0.0	0.0	0.0	0.0	0.0	0.0	0.0	0.0	Source_3
32	L01618	bbbbb	hhh	0.0	0.0	0.0	0.0	0.038	0.001	0.001	0.057	0.301	0.035	0.006	0.014	0.0	0.008	0.01	0.0	0.0	0.16	0.0	0.072	0.0	0.088	0.0	0.007	0.195	0.002	0.001	0.0	0.0	0.004	Source_3
33	L01632	hhh	hhh	0.0	0.0	0.0	0.0	0.001	0.0	0.0	0.0	0.998	0.0	0.0	0.0	0.0	0.0	0.0	0.0	0.0	0.0	0.0	0.0	0.0	0.0	0.0	0.0	0.0	0.001	0.0	0.0	0.0	0.0	Source_3
34	L00450	ggg	jj	0.001	0.001	0.013	0.0364253161870809	0.0765728687978688	0.051	0.005	0.13992713120213116	0.031	0.01	0.026	0.046	0.008	0.29357468381291907	0.0027333333333333333	0.036	0.007683333333333334	0.04358333333333333	0.036399999999999995	0.004	0.004083333333333334	0.0165	0.009	0.015	0.0	0.06391666666666666	0.007	0.002	0.0056	0.008	Source_3
35	L01773	kk	jj	0.0	0.001	0.003	0.005738468720821662	0.0093984126984127	0.352	0.005	0.021601587301587306	0.007	0.001	0.00836111111111111	0.008	0.004	0.5174837535014005	0.005749999999999999	0.005	0.0021111111111111113	0.016555555555555556	0.0007	0.0	0.0005	0.001	0.004	0.003	0.001	0.0055	0.002	0.001	0.0023	0.006	Source_3
36	L01026	rr	jj	0.0	0.0	0.002	0.0	0.082	0.008	0.0	0.003	0.027	0.01	0.0	0.098	0.007	0.498	0.017833333333333336	0.079	0.014166666666666666	0.001	0.0	0.0	0.0	0.0	0.153	0.0	0.0	0.0	0.0	0.0	0.0	0.0	Source_3
37	L01126	ccc	jj	0.0	0.0	0.0	0.004	0.0013333333333333333	0.002	0.001	0.0026666666666666666	0.001	0.001	0.0	0.001	0.001	0.947	0.001	0.0	0.0	0.015	0.001	0.0	0.0	0.003	0.0	0.001	0.005	0.005	0.004	0.0	0.002	0.001	Source_3
38	L01217	nnnn	hhhh	0.0	0.0	0.007	0.001	0.229	0.016	0.001	0.016	0.035	0.242	0.0	0.153	0.001	0.155	0.04003333333333333	0.036	0.03796666666666667	0.008	0.0	0.0	0.0	0.0	0.022	0.0	0.0	0.0	0.0	0.0	0.0	0.0	Source_3
39	L00492	iii	iii	0.0	0.0	0.0	0.001	0.002	0.001	0.0	0.001	0.0	0.0	0.627	0.001	0.0	0.017	0.0	0.0	0.001	0.0	0.0	0.0	0.1175607142857143	0.0	0.001	0.0	0.0	0.2294392857142857	0.0	0.0	0.0	0.001	Source_3
40	L01518	q	hhhh	0.0	0.0	0.005	0.0	0.124	0.008	0.0	0.001	0.022	0.624	0.0	0.059	0.004	0.064	0.02405	0.028	0.024950000000000003	0.002	0.0	0.0	0.0	0.0	0.01	0.0	0.0	0.0	0.0	0.0	0.0	0.0	Source_3
41	L01812	gg	gg	0.0	0.0	0.0	0.0	0.0	0.0	0.975	0.002	0.0	0.0	0.0	0.0	0.0	0.012	0.0	0.0	0.0	0.0	0.0	0.0	0.0	0.005	0.0	0.0	0.006	0.0	0.0	0.0	0.0	0.0	Source_3
42	L01142	tt	ggg	0.0	0.0	0.008	0.0	0.0	0.008	0.004	0.4426714285714284	0.002	0.0	0.0	0.001	0.007	0.005	0.002	0.082	0.0	0.0	0.0	0.0	0.0	0.43032857142857167	0.007	0.0	0.001	0.0	0.0	0.0	0.0	0.0	Source_3
43	L00471	ggg	ggg	0.0	0.0	0.008	0.0	0.0	0.002	0.0	0.45283809523809504	0.001	0.0	0.0	0.001	0.003	0.005	0.002	0.082	0.0	0.0	0.0	0.0	0.0	0.4371619047619049	0.006	0.0	0.0	0.0	0.0	0.0	0.0	0.0	Source_3
44	L00801	bbb	bbb	0.0	1.0	0.0	0.0	0.0	0.0	0.0	0.0	0.0	0.0	0.0	0.0	0.0	0.0	0.0	0.0	0.0	0.0	0.0	0.0	0.0	0.0	0.0	0.0	0.0	0.0	0.0	0.0	0.0	0.0	Source_3
45	L01071	ddd	s	0.0	0.0	0.0	0.002	0.1911	0.17	0.0	0.0029	0.001	0.0	0.005	0.055	0.0	0.002	0.0	0.001	0.0695	0.0735	0.016	0.0	0.0	0.0	0.0	0.409	0.001	0.001	0.0	0.0	0.0	0.0	Source_3
46	L00327	iii	aaaa	0.487	0.0	0.027	0.001	0.005	0.029	0.0	0.016583333333333335	0.12	0.028300888456229016	0.0	0.002	0.035	0.003	0.004833333333333333	0.003	0.005166666666666666	0.002	0.0	0.0	0.010199111543770985	0.007416666666666667	0.213	0.0	0.0	0.0005	0.0	0.0	0.0	0.0	Source_3
47	L01118	aaaa	aaaa	0.865	0.0	0.003	0.0	0.001	0.001	0.0	0.001	0.018	0.062129650525698105	0.0	0.0	0.002	0.0	0.002	0.001	0.0	0.001	0.0	0.0	0.023870349474301878	0.0	0.019	0.0	0.0	0.0	0.0	0.0	0.0	0.0	Source_3
